recording_id,session,box,scenario,item_count,core_box_handling_seconds,core_timing_review_required,annotated_operation_seconds,elapsed_span_seconds
U0101,S0100,1,S1,1,48.903,False,93.531,93.531
U0101,S0100,2,S1,4,49.821,False,143.87,143.87
U0101,S0100,3,S1,1,33.523,False,74.205,74.205
U0101,S0100,4,S1,2,41.072,False,101.845,101.845
U0101,S0100,5,S1,1,40.222,False,88.701,88.701
U0101,S0100,6,S1,1,38.946,False,87.421,87.421
U0101,S0100,7,S1,1,42.599,False,91.187,91.187
U0101,S0100,8,S1,1,31.256,False,69.478,69.478
U0101,S0100,9,S1,1,38.556,False,86.012,86.012
U0101,S0100,10,S1,1,36.112,False,70.609,70.609
U0101,S0100,11,S1,4,39.918,False,114.886,114.886
U0101,S0100,12,S1,5,52.624,False,147.242,151.176
U0101,S0100,13,S1,1,42.884,False,93.213,99.45
U0101,S0100,14,S1,2,79.486,False,138.381,138.381
U0101,S0100,15,S1,1,37.209,False,79.379,79.379
U0101,S0100,16,S1,3,47.247,False,138.752,138.752
U0101,S0100,17,S1,2,39.547,False,91.282,94.449
U0101,S0100,18,S1,4,61.343,False,161.207,161.207
U0101,S0100,19,S1,1,62.158,False,118.208,118.208
U0101,S0100,20,S1,2,48.802,False,139.399,139.399
U0101,S0200,1,S1,3,44.36,False,118.731,118.731
U0101,S0200,2,S1,3,34.112,False,90.026,90.026
U0101,S0200,3,S1,1,46.752,False,95.331,95.331
U0101,S0200,4,S1,1,29.605,False,66.28,66.28
U0101,S0200,5,S1,1,30.75,False,65.904,65.904
U0101,S0200,6,S1,2,25.61,False,68.976,68.976
U0101,S0200,7,S1,5,29.924,False,108.98,108.98
U0101,S0200,8,S1,5,37.616,False,105.236,105.236
U0101,S0200,9,S1,4,36.738,False,103.036,103.036
U0101,S0200,10,S1,1,31.356,False,67.42,67.42
U0101,S0200,11,S1,1,35.386,False,71.972,71.972
U0101,S0200,12,S1,1,34.51,False,74.444,74.444
U0101,S0200,13,S1,1,38.612,False,74.765,74.765
U0101,S0200,14,S1,3,40.482,False,103.469,103.469
U0101,S0200,15,S1,1,40.214,False,97.274,97.274
U0101,S0200,16,S1,3,41.574,False,97.052,97.052
U0101,S0200,17,S1,1,38.198,False,71.669,79.075
U0101,S0200,18,S1,1,30.992,False,69.017,69.017
U0101,S0200,19,S1,1,33.982,False,71.636,75.87
U0101,S0200,20,S1,1,35.594,False,104.465,104.465
U0101,S0300,1,S1,1,37.246,False,78.708,78.708
U0101,S0300,2,S1,1,38.139,False,72.52,72.52
U0101,S0300,3,S1,5,45.934,False,129.23,129.23
U0101,S0300,4,S1,5,32.709,False,117.722,117.722
U0101,S0300,5,S1,1,26.981,False,68.615,68.615
U0101,S0300,6,S1,2,39.705,False,90.14,90.14
U0101,S0300,7,S1,3,42.795,False,99.992,99.992
U0101,S0300,8,S1,2,30.031,False,71.756,71.756
U0101,S0300,9,S1,1,28.421,False,67.024,67.024
U0101,S0300,10,S1,1,32.56,False,65.16,65.16
U0101,S0300,11,S1,1,37.158,False,74.301,74.301
U0101,S0300,12,S1,1,46.798,False,85.075,85.075
U0101,S0300,13,S1,1,30.539,False,62.636,62.636
U0101,S0300,14,S1,1,52.175,False,91.839,106.696
U0101,S0300,15,S1,1,48.197,False,83.304,83.304
U0101,S0300,16,S1,2,37.824,False,84.76,84.76
U0101,S0300,17,S1,1,36.137,False,71.473,71.473
U0101,S0300,18,S1,2,32.628,False,79.81,79.81
U0101,S0300,19,S1,3,38.364,False,101.346,101.346
U0101,S0300,20,S1,3,46.655,False,135.42,135.42
U0101,S0400,1,S1,1,40.36,False,78.655,78.655
U0101,S0400,2,S1,1,46.04,False,85.847,88.904
U0101,S0400,3,S1,1,36.866,False,74.698,74.698
U0101,S0400,4,S1,1,39.46,False,77.867,77.867
U0101,S0400,5,S1,2,34.433,False,86.438,86.438
U0101,S0400,6,S1,1,47.227,False,86.616,86.616
U0101,S0400,7,S1,1,32.453,False,85.914,85.914
U0101,S0400,8,S1,1,43.044,False,93.176,93.176
U0101,S0400,9,S1,5,66.955,False,171.398,171.398
U0101,S0400,10,S1,1,32.61,False,72.043,72.043
U0101,S0400,11,S1,1,43.859,False,84.987,84.987
U0101,S0400,12,S1,1,42.857,False,80.195,80.195
U0101,S0400,13,S1,1,38.467,False,77.893,77.893
U0101,S0400,14,S1,1,36.721,False,81.061,81.061
U0101,S0400,15,S1,1,41.022,False,79.844,79.844
U0101,S0400,16,S1,4,47.331,False,152.199,152.199
U0101,S0400,17,S1,3,34.801,False,94.36,94.36
U0101,S0400,18,S1,1,33.209,False,69.14,69.14
U0101,S0400,19,S1,1,35.214,False,77.672,81.344
U0101,S0400,20,S1,5,52.789,False,145.115,145.115
U0101,S0500,1,S1,1,38.532,False,77.769,82.48
U0101,S0500,2,S1,1,31.742,False,62.284,62.284
U0101,S0500,3,S1,4,45.533,False,116.491,116.491
U0101,S0500,4,S1,1,30.576,False,66.798,66.798
U0101,S0500,5,S1,1,33.714,False,68.888,68.888
U0101,S0500,6,S1,3,35.669,False,84.831,84.831
U0101,S0500,7,S1,1,34.848,False,69.721,69.721
U0101,S0500,8,S1,5,34.31,False,104.116,104.116
U0101,S0500,9,S1,3,43.28,False,99.2,99.2
U0101,S0500,10,S1,2,38.883,False,87.535,87.535
U0101,S0500,11,S1,1,33.117,False,68.314,68.314
U0101,S0500,12,S1,5,39.109,False,116.315,116.315
U0101,S0500,13,S1,3,37.87,False,90.178,90.178
U0101,S0500,14,S1,4,28.645,False,86.83,86.83
U0101,S0500,15,S1,1,30.302,False,61.907,61.907
U0101,S0500,16,S1,1,25.348,False,60.554,60.554
U0101,S0500,17,S1,1,24.269,False,55.023,55.023
U0101,S0500,18,S1,3,36.019,False,85.665,85.665
U0101,S0500,19,S1,2,26.401,False,71.467,71.467
U0101,S0500,20,S1,5,44.329,False,116.533,116.533
U0102,S0100,1,S1,1,72.341,False,151.624,151.624
U0102,S0100,2,S1,1,60.501,False,128.119,128.119
U0102,S0100,3,S1,4,70.306,False,185.303,185.303
U0102,S0100,4,S1,2,79.318,False,164.566,218.579
U0102,S0100,5,S1,4,79.186,False,207.194,218.496
U0102,S0100,6,S1,2,60.258,False,136.241,136.241
U0102,S0100,7,S1,1,61.632,False,118.029,118.029
U0102,S0100,8,S1,1,81.893,False,146.871,146.871
U0102,S0100,9,S1,4,88.058,False,222.343,222.343
U0102,S0100,10,S1,2,70.833,False,146.947,146.947
U0102,S0100,11,S1,1,55.557,False,109.229,109.229
U0102,S0100,12,S1,3,75.092,False,163.215,163.215
U0102,S0100,13,S1,1,51.575,False,100.694,100.694
U0102,S0100,14,S1,3,87.09,False,188.779,188.779
U0102,S0100,15,S1,1,67.825,False,133.164,133.164
U0102,S0100,16,S1,3,64.494,False,155.976,155.976
U0102,S0100,17,S1,2,74.897,False,140.5,148.204
U0102,S0100,18,S1,1,57.43,False,106.523,106.523
U0102,S0100,19,S1,1,69.495,False,130.316,130.316
U0102,S0100,20,S1,1,56.685,False,116.113,116.113
U0102,S0200,1,S1,1,56.474,False,120.1,120.1
U0102,S0200,2,S1,2,46.909,False,112.924,112.924
U0102,S0200,3,S1,3,58.406,False,136.299,136.299
U0102,S0200,4,S1,2,60.121,False,124.658,124.658
U0102,S0200,5,S1,1,51.59,False,95.541,95.541
U0102,S0200,6,S1,1,49.676,False,93.872,93.872
U0102,S0200,7,S1,2,50.705,False,118.187,118.187
U0102,S0200,8,S1,1,47.232,False,92.307,92.307
U0102,S0200,9,S1,1,55.856,False,102.304,102.304
U0102,S0200,10,S1,1,49.563,False,95.224,95.224
U0102,S0200,11,S1,1,57.585,False,105.141,105.141
U0102,S0200,12,S1,2,65.386,False,127.337,127.337
U0102,S0200,13,S1,4,68.314,False,172.19,172.19
U0102,S0200,14,S1,3,65.202,False,180.505,180.505
U0102,S0200,15,S1,2,56.414,False,119.845,119.845
U0102,S0200,16,S1,1,53.999,False,96.384,96.384
U0102,S0200,17,S1,1,50.906,False,97.231,97.231
U0102,S0200,18,S1,1,45.202,False,88.873,88.873
U0102,S0200,19,S1,3,65.352,False,147.178,147.178
U0102,S0200,20,S1,1,50.113,False,108.62,108.62
U0102,S0300,1,S1,2,48.855,False,115.335,115.335
U0102,S0300,2,S1,1,61.533,False,106.45,106.45
U0102,S0300,3,S1,1,44.858,False,88.919,88.919
U0102,S0300,4,S1,1,47.651,False,99.113,99.113
U0102,S0300,5,S1,1,56.077,False,99.051,99.051
U0102,S0300,6,S1,1,59.283,False,105.867,105.867
U0102,S0300,7,S1,2,65.484,False,144.647,144.647
U0102,S0300,8,S1,1,69.644,False,117.21,117.21
U0102,S0300,9,S1,1,51.861,False,101.157,101.157
U0102,S0300,10,S1,3,67.721,False,148.223,148.223
U0102,S0300,11,S1,2,61.107,False,128.951,128.951
U0102,S0300,12,S1,1,43.97,False,86.517,86.517
U0102,S0300,13,S1,1,43.698,False,87.512,87.512
U0102,S0300,14,S1,1,67.703,False,113.71,113.71
U0102,S0300,15,S1,1,55.923,False,99.484,99.484
U0102,S0300,16,S1,1,48.059,False,91.451,91.451
U0102,S0300,17,S1,1,51.531,False,123.26,123.26
U0102,S0300,18,S1,1,57.903,False,113.273,113.273
U0102,S0300,19,S1,1,63.137,False,110.994,110.994
U0102,S0300,20,S1,1,56.041,False,125.756,125.756
U0102,S0400,1,S1,2,49.838,False,119.144,119.144
U0102,S0400,2,S1,1,57.874,False,106.298,106.298
U0102,S0400,3,S1,1,53.755,False,102.444,102.444
U0102,S0400,4,S1,1,60.37,False,111.757,111.757
U0102,S0400,5,S1,1,46.29,False,115.015,115.015
U0102,S0400,6,S1,2,61.09,False,109.83,109.83
U0102,S0400,7,S1,2,43.053,False,99.416,99.416
U0102,S0400,8,S1,1,40.762,False,84.231,84.231
U0102,S0400,9,S1,1,39.911,False,83.313,83.313
U0102,S0400,10,S1,1,42.106,False,85.837,85.837
U0102,S0400,11,S1,1,60.479,False,105.177,105.177
U0102,S0400,12,S1,1,44.467,False,87.914,87.914
U0102,S0400,13,S1,2,63.917,False,136.129,136.129
U0102,S0400,14,S1,3,41.565,False,114.58,114.58
U0102,S0400,15,S1,1,44.638,False,88.258,88.258
U0102,S0400,16,S1,1,47.051,False,94.193,94.193
U0102,S0400,17,S1,1,45.437,False,85.333,85.333
U0102,S0400,18,S1,1,47.087,False,89.118,89.118
U0102,S0400,19,S1,1,50.6,False,93.849,93.849
U0102,S0400,20,S1,1,40.186,False,93.746,93.746
U0102,S0500,1,S1,1,43.737,False,89.278,89.278
U0102,S0500,2,S1,1,44.85,False,84.996,84.996
U0102,S0500,3,S1,5,55.882,False,180.314,180.314
U0102,S0500,4,S1,5,71.5,False,220.483,220.483
U0102,S0500,5,S1,1,44.588,False,88.139,88.139
U0102,S0500,6,S1,2,51.979,False,109.679,109.679
U0102,S0500,7,S1,3,57.427,False,146.084,146.084
U0102,S0500,8,S1,5,61.55,False,227.159,231.428
U0102,S0500,9,S1,1,45.441,False,93.951,93.951
U0102,S0500,10,S1,1,49.445,False,93.767,93.767
U0102,S0500,11,S1,4,58.582,False,146.353,146.353
U0102,S0500,12,S1,1,49.13,False,93.612,93.612
U0102,S0500,13,S1,2,44.815,False,101.771,101.771
U0102,S0500,14,S1,3,58.365,False,146.943,146.943
U0103,S0100,11,S1,4,60.499,False,144.354,144.354
U0103,S0100,12,S1,4,49.012,False,122.633,127.894
U0103,S0100,13,S1,3,50.796,False,119.913,119.913
U0103,S0100,14,S1,1,57.469,False,96.697,100.86
U0103,S0100,15,S1,2,64.321,False,125.484,125.484
U0103,S0100,16,S1,5,70.271,False,172.808,172.808
U0103,S0100,17,S1,1,51.676,False,93.8,93.8
U0103,S0100,18,S1,1,53.253,False,95.808,95.808
U0103,S0100,19,S1,2,45.689,False,95.93,95.93
U0103,S0100,20,S1,1,63.019,False,111.488,111.488
U0103,S0200,1,S1,2,59.928,False,124.073,124.073
U0103,S0200,2,S1,3,69.233,False,133.965,133.965
U0103,S0200,3,S1,1,58.613,False,106.347,106.347
U0103,S0200,4,S1,1,53.916,False,98.91,107.612
U0103,S0200,5,S1,3,52.692,False,119.888,119.888
U0103,S0200,6,S1,3,45.37,False,108.023,108.023
U0103,S0200,7,S1,2,58.704,False,115.711,115.711
U0103,S0200,8,S1,1,48.311,False,94.507,94.507
U0103,S0200,9,S1,1,46.725,False,83.694,83.694
U0103,S0200,10,S1,1,41.362,False,81.518,81.518
U0103,S0200,11,S1,1,52.569,False,96.262,96.262
U0103,S0200,12,S1,1,51.64,False,94.402,94.402
U0103,S0200,13,S1,4,63.073,False,144.043,144.043
U0103,S0200,14,S1,1,65.053,False,104.232,104.232
U0103,S0200,15,S1,2,46.75,False,91.979,91.979
U0103,S0200,16,S1,5,70.179,False,156.681,156.681
U0103,S0200,17,S1,1,51.885,False,92.155,92.155
U0103,S0200,18,S1,1,46.915,False,82.669,82.669
U0103,S0200,19,S1,2,61.241,False,116.246,116.246
U0103,S0200,20,S1,2,44.872,False,96.106,96.106
U0103,S0300,1,S1,1,56.223,False,94.307,94.307
U0103,S0300,2,S1,1,52.359,False,92.875,92.875
U0103,S0300,3,S1,1,52.263,False,90.278,90.278
U0103,S0300,4,S1,1,44.205,False,76.868,76.868
U0103,S0300,5,S1,5,48.432,False,131.541,131.541
U0103,S0300,6,S1,1,38.654,False,76.69,76.69
U0103,S0300,7,S1,1,62.753,False,101.696,101.696
U0103,S0300,8,S1,1,60.134,False,104.08,104.08
U0103,S0300,9,S1,5,56.368,False,155.622,155.622
U0103,S0300,10,S1,4,64.441,False,161.313,161.313
U0103,S0300,11,S1,1,43.437,False,79.856,79.856
U0103,S0300,12,S1,1,41.687,False,79.393,79.393
U0103,S0300,13,S1,1,49.907,False,92.484,92.484
U0103,S0300,14,S1,2,54.63,False,100.95,100.95
U0103,S0300,15,S1,3,59.266,False,124.461,124.461
U0103,S0300,16,S1,1,49.674,False,88.073,88.073
U0103,S0300,17,S1,1,48.971,False,84.73,84.73
U0103,S0300,18,S1,1,49.65,False,86.97,86.97
U0103,S0300,19,S1,3,63.118,False,126.901,126.901
U0103,S0300,20,S1,1,52.43,False,96.372,96.372
U0103,S0400,1,S1,1,42.197,False,79.61,79.61
U0103,S0400,2,S1,3,44.279,False,103.533,103.533
U0103,S0400,3,S1,5,57.519,False,151.423,151.423
U0103,S0400,4,S1,1,52.965,False,92.039,92.039
U0103,S0400,5,S1,1,54.736,False,93.732,93.732
U0103,S0400,6,S1,1,54.255,False,93.687,93.687
U0103,S0400,7,S1,1,46.122,False,89.9,89.9
U0103,S0400,8,S1,1,37.592,False,77.997,77.997
U0103,S0400,9,S1,1,36.593,False,75.074,75.074
U0103,S0400,10,S1,1,56.312,False,97.27,97.27
U0103,S0400,11,S1,1,47.429,False,85.498,85.498
U0103,S0400,12,S1,1,47.848,False,86.601,86.601
U0103,S0400,13,S1,1,54.044,False,105.21,105.21
U0103,S0400,14,S1,2,57.091,False,102.37,102.37
U0103,S0400,15,S1,2,40.955,False,95.488,95.488
U0103,S0400,16,S1,2,44.589,False,94.218,94.218
U0103,S0400,17,S1,4,50.766,False,119.51,119.51
U0103,S0400,18,S1,1,48.353,False,88.978,88.978
U0103,S0400,19,S1,1,41.733,False,78.548,78.548
U0103,S0400,20,S1,1,43.97,False,88.953,88.953
U0103,S0500,1,S1,1,45.254,False,85.104,85.104
U0103,S0500,2,S1,1,46.229,False,82.176,82.176
U0103,S0500,3,S1,1,46.985,False,82.52,82.52
U0103,S0500,4,S1,1,47.918,False,85.891,85.891
U0103,S0500,5,S1,2,53.406,False,108.705,108.705
U0103,S0500,6,S1,1,48.075,False,85.864,85.864
U0103,S0500,7,S1,2,51.024,False,106.277,106.277
U0103,S0500,8,S1,2,52.379,False,123.569,123.569
U0103,S0500,9,S1,1,52.127,False,96.892,96.892
U0103,S0500,10,S1,1,44.928,False,82.361,82.361
U0103,S0500,11,S1,1,52.203,False,90.707,90.707
U0103,S0500,12,S1,1,46.824,False,82.834,92.732
U0103,S0500,13,S1,1,55.055,False,93.553,93.553
U0103,S0500,14,S1,1,42.493,False,73.524,73.524
U0103,S0500,15,S1,3,38.871,False,83.483,83.483
U0103,S0500,16,S1,1,44.175,False,84.141,84.141
U0103,S0500,17,S1,1,39.756,False,80.966,80.966
U0103,S0500,18,S1,2,43.215,False,95.441,95.441
U0103,S0500,19,S1,2,51.685,False,98.451,98.451
U0103,S0500,20,S1,1,43.093,False,80.831,80.831
U0104,S0100,1,S1,2,78.5,False,189.586,189.586
U0104,S0100,2,S1,1,67.551,False,135.038,135.038
U0104,S0100,3,S1,1,61.516,False,126.768,126.768
U0104,S0100,4,S1,1,56.306,False,112.861,112.861
U0104,S0100,5,S1,1,69.155,False,128.295,128.295
U0104,S0100,6,S1,3,78.247,False,175.313,175.313
U0104,S0100,7,S1,3,73.985,False,282.574,287.114
U0104,S0100,8,S1,1,110.618,False,173.057,186.616
U0104,S0100,9,S1,1,50.146,False,104.339,108.12
U0104,S0100,10,S1,1,67.13,False,121.32,121.32
U0104,S0100,11,S1,1,63.188,False,128.97,128.97
U0104,S0100,12,S1,2,60.913,False,124.92,124.92
U0104,S0100,13,S1,3,76.96,False,159.54,159.54
U0104,S0100,14,S1,1,49.186,False,93.18,93.18
U0104,S0100,15,S1,3,53.479,False,167.43,167.43
U0104,S0100,16,S1,1,54.217,False,98.04,98.04
U0104,S0100,17,S1,3,72.962,False,210.87,210.87
U0104,S0100,18,S1,3,76.198,False,165.69,165.69
U0104,S0100,19,S1,5,67.225,False,160.92,160.92
U0104,S0100,20,S1,1,58.285,False,108.603,108.603
U0104,S0200,1,S1,1,75.651,False,156.051,156.051
U0104,S0200,2,S1,1,60.045,False,110.48,110.48
U0104,S0200,3,S1,1,71.222,False,127.44,127.44
U0104,S0200,4,S1,3,79.51,False,169.68,169.68
U0104,S0200,5,S1,2,54.735,False,142.64,142.64
U0104,S0200,6,S1,5,125.517,False,250.2,250.2
U0104,S0200,7,S1,2,72.16,False,144.96,144.96
U0104,S0200,8,S1,2,53.68,False,113.4,113.4
U0104,S0200,9,S1,1,59.899,False,107.64,107.64
U0104,S0200,10,S1,3,73.597,False,153.325,165.88
U0104,S0200,11,S1,1,80.931,False,128.88,128.88
U0104,S0200,12,S1,1,48.077,False,97.892,110.711
U0104,S0200,13,S1,1,53.797,False,96.46,96.46
U0104,S0200,14,S1,2,71.925,False,130.658,130.658
U0104,S0200,15,S1,1,72.834,False,130.377,130.377
U0104,S0200,16,S1,1,61.454,False,101.27,101.27
U0104,S0200,17,S1,4,86.579,False,190.392,190.392
U0104,S0200,18,S1,5,69.312,False,178.72,178.72
U0104,S0200,19,S1,3,57.455,False,134.952,134.952
U0104,S0200,20,S1,1,81.473,False,138.46,138.46
U0104,S0300,1,S1,3,72.441,False,149.635,149.635
U0104,S0300,2,S1,1,52.84,False,95.196,95.196
U0104,S0300,3,S1,1,54.698,False,104.586,110.786
U0104,S0300,4,S1,1,47.238,False,93.599,93.599
U0104,S0300,5,S1,1,57.483,False,98.929,98.929
U0104,S0300,6,S1,3,59.011,False,128.864,128.864
U0104,S0300,7,S1,1,62.576,False,110.399,123.4
U0104,S0300,8,S1,1,54.218,False,95.964,95.964
U0104,S0300,9,S1,2,72.401,False,128.352,128.352
U0104,S0300,10,S1,1,67.758,False,108.957,108.957
U0104,S0300,11,S1,3,43.494,False,112.299,112.299
U0104,S0300,12,S1,1,62.785,False,100.916,100.916
U0104,S0300,13,S1,5,51.432,False,154.586,154.586
U0104,S0300,14,S1,3,76.085,False,147.268,147.268
U0104,S0300,15,S1,1,70.992,False,113.21,113.21
U0104,S0300,16,S1,3,72.67,False,139.857,147.465
U0104,S0300,17,S1,1,55.926,False,96.891,96.891
U0104,S0300,18,S1,1,65.48,False,105.406,105.406
U0104,S0300,19,S1,1,45.082,False,81.084,81.084
U0104,S0300,20,S1,1,45.531,False,87.92,87.92
U0104,S0400,1,S1,5,60.2,False,167.823,167.823
U0104,S0400,2,S1,4,56.532,False,138.308,138.308
U0104,S0400,3,S1,1,65.024,False,107.715,107.715
U0104,S0400,4,S1,1,63.805,False,101.889,101.889
U0104,S0400,5,S1,3,48.09,False,114.232,114.232
U0104,S0400,6,S1,2,45.189,False,97.186,97.186
U0104,S0400,7,S1,1,56.117,False,97.895,97.895
U0104,S0400,8,S1,1,39.422,False,72.961,72.961
U0104,S0400,9,S1,1,45.565,False,82.608,82.608
U0104,S0400,10,S1,2,43.341,False,91.983,91.983
U0105,S0100,1,S1,3,69.382,False,172.909,172.909
U0105,S0100,2,S1,2,58.057,False,118.287,126.687
U0105,S0100,3,S1,2,49.57,False,113.141,113.141
U0105,S0100,4,S1,1,64.469,False,115.357,115.357
U0105,S0100,5,S1,1,52.651,False,99.399,99.399
U0105,S0100,6,S1,1,70.721,False,118.313,118.313
U0105,S0100,7,S1,1,45.833,False,92.65,92.65
U0105,S0100,8,S1,3,59.986,False,160.829,164.712
U0105,S0100,9,S1,2,59.427,False,113.835,113.835
U0105,S0100,10,S1,5,58.874,False,177.348,177.348
U0105,S0100,11,S1,1,79.748,False,136.761,136.761
U0105,S0100,12,S1,1,53.772,False,104.67,104.67
U0105,S0100,13,S1,1,55.587,False,100.112,104.539
U0105,S0100,14,S1,1,47.907,False,90.48,90.48
U0105,S0100,15,S1,4,82.885,False,175.784,175.784
U0105,S0100,16,S1,1,50.627,False,97.577,97.577
U0105,S0100,17,S1,1,43.215,False,86.853,90.545
U0105,S0100,18,S1,5,53.611,False,165.174,165.174
U0105,S0100,19,S1,2,48.569,False,105.028,105.028
U0105,S0100,20,S1,1,43.972,False,84.269,84.269
U0105,S0200,1,S1,1,45.369,False,94.303,94.303
U0105,S0200,2,S1,2,47.689,False,102.171,102.171
U0105,S0200,3,S1,1,45.933,False,90.246,90.246
U0105,S0200,4,S1,2,58.515,False,116.803,116.803
U0105,S0200,5,S1,1,69.049,False,123.61,123.61
U0105,S0200,6,S1,1,49.188,False,88.045,88.045
U0105,S0200,7,S1,1,51.726,False,91.066,91.066
U0105,S0200,8,S1,1,46.922,False,83.485,83.485
U0105,S0200,9,S1,2,50.354,False,108.331,108.331
U0105,S0200,10,S1,1,58.541,False,138.213,138.213
U0105,S0200,11,S1,3,49.278,False,116.58,116.58
U0105,S0200,12,S1,3,45.253,False,113.867,113.867
U0105,S0200,13,S1,1,41.596,False,82.172,82.172
U0105,S0200,14,S1,2,55.727,False,113.833,113.833
U0105,S0200,15,S1,1,42.356,False,84.474,89.692
U0105,S0200,16,S1,2,57.766,False,111.464,111.464
U0105,S0200,17,S1,3,61.512,False,135.363,135.363
U0105,S0200,18,S1,3,74.219,False,144.771,144.771
U0105,S0200,19,S1,3,50.936,False,120.574,123.551
U0105,S0200,20,S1,5,44.7,False,153.663,153.663
U0105,S0300,1,S1,1,58.213,False,108.067,108.067
U0105,S0300,2,S1,2,42.891,False,99.0,99.0
U0105,S0300,3,S1,1,43.789,False,83.813,83.813
U0105,S0300,4,S1,3,54.365,False,121.121,121.121
U0105,S0300,5,S1,1,42.673,False,76.926,76.926
U0105,S0300,6,S1,4,61.182,False,140.882,144.421
U0105,S0300,7,S1,2,41.074,False,90.416,90.416
U0105,S0300,8,S1,1,53.771,False,93.104,93.104
U0105,S0300,9,S1,1,49.429,False,87.398,87.398
U0105,S0300,10,S1,2,39.886,False,90.368,90.368
U0105,S0300,11,S1,1,39.253,False,75.651,75.651
U0105,S0300,12,S1,1,77.661,False,118.859,118.859
U0105,S0300,13,S1,2,46.088,False,97.149,102.207
U0105,S0300,14,S1,3,47.14,False,106.547,106.547
U0105,S0300,15,S1,1,35.645,False,71.691,71.691
U0105,S0300,16,S1,1,51.532,False,99.755,99.755
U0105,S0300,17,S1,3,58.205,False,127.393,127.393
U0105,S0300,18,S1,1,43.851,False,81.927,81.927
U0105,S0300,19,S1,2,46.653,False,99.047,99.047
U0105,S0300,20,S1,5,47.135,False,139.761,139.761
U0105,S0400,1,S1,1,44.657,False,86.427,86.427
U0105,S0400,2,S1,1,43.964,False,82.471,82.471
U0105,S0400,3,S1,3,53.478,False,120.952,120.952
U0105,S0400,4,S1,5,44.849,False,155.01,155.01
U0105,S0400,5,S1,2,51.826,False,100.616,100.616
U0105,S0400,6,S1,1,50.272,False,92.619,92.619
U0105,S0400,7,S1,4,50.121,False,136.341,136.341
U0105,S0400,8,S1,3,51.416,False,111.174,111.174
U0105,S0400,9,S1,3,37.592,False,94.978,94.978
U0105,S0400,10,S1,1,42.197,False,87.545,87.545
U0105,S0400,11,S1,1,39.945,False,75.91,75.91
U0105,S0400,12,S1,1,38.563,False,75.785,75.785
U0105,S0400,13,S1,2,66.61,False,117.206,123.088
U0105,S0400,14,S1,1,44.691,False,83.906,83.906
U0105,S0400,15,S1,1,38.992,False,77.294,77.294
U0105,S0400,16,S1,3,43.865,False,107.126,107.126
U0105,S0400,17,S1,1,38.59,False,74.424,74.424
U0105,S0400,18,S1,1,76.394,False,121.651,162.635
U0105,S0400,19,S1,1,39.859,False,82.112,82.112
U0105,S0400,20,S1,1,44.108,False,85.261,85.261
U0105,S0500,1,S1,2,72.412,False,129.587,129.587
U0105,S0500,2,S1,2,48.549,False,101.268,101.268
U0105,S0500,3,S1,1,36.711,False,72.748,72.748
U0105,S0500,4,S1,2,47.419,False,96.9,96.9
U0105,S0500,5,S1,5,65.746,False,171.204,171.204
U0105,S0500,6,S1,3,43.925,False,114.213,114.213
U0105,S0500,7,S1,1,43.383,False,81.548,81.548
U0105,S0500,8,S1,2,61.133,False,116.087,116.087
U0105,S0500,9,S1,3,39.037,False,106.123,106.123
U0105,S0500,10,S1,1,31.361,False,63.194,63.194
U0105,S0500,11,S1,5,39.954,False,126.244,126.244
U0105,S0500,12,S1,1,38.046,False,73.177,73.177
U0105,S0500,13,S1,3,35.288,False,106.763,106.763
U0105,S0500,14,S1,2,42.584,False,85.612,85.612
U0105,S0500,15,S1,2,52.266,False,97.47,97.47
U0105,S0500,16,S1,2,34.019,False,76.657,76.657
U0105,S0500,17,S1,2,30.663,False,80.915,80.915
U0105,S0500,18,S1,3,43.643,False,98.163,98.163
U0105,S0500,19,S1,1,31.417,False,61.902,61.902
U0105,S0500,20,S1,3,29.07,False,80.188,80.188
U0106,S0100,1,S1,5,95.054,False,250.814,255.835
U0106,S0100,2,S1,1,66.296,False,122.045,122.045
U0106,S0100,3,S1,2,75.435,False,152.148,152.148
U0106,S0100,4,S1,2,57.35,False,124.031,129.088
U0106,S0100,5,S1,2,63.91,False,125.444,125.444
U0106,S0100,6,S1,1,70.128,False,129.176,129.176
U0106,S0100,7,S1,1,70.716,False,129.484,129.484
U0106,S0100,8,S1,1,78.442,False,133.218,133.218
U0106,S0100,9,S1,3,59.148,False,145.779,145.779
U0106,S0100,10,S1,2,61.145,False,124.74,124.74
U0106,S0100,11,S1,5,112.712,False,243.938,258.046
U0106,S0100,12,S1,1,97.428,False,159.185,199.015
U0106,S0100,13,S1,1,49.722,False,94.05,94.05
U0106,S0100,14,S1,2,55.984,False,122.996,122.996
U0106,S0100,15,S1,4,96.035,False,201.36,201.36
U0106,S0100,16,S1,1,52.039,False,102.593,102.593
U0106,S0100,17,S1,3,64.138,False,148.179,148.179
U0106,S0100,18,S1,1,54.18,False,107.198,107.198
U0106,S0100,19,S1,2,61.593,False,145.14,145.14
U0106,S0100,20,S1,1,65.876,False,120.869,120.869
U0106,S0200,1,S1,1,47.228,False,92.978,92.978
U0106,S0200,2,S1,1,50.116,False,93.288,93.288
U0106,S0200,3,S1,1,50.01,False,89.255,89.255
U0106,S0200,4,S1,1,44.111,False,83.36,83.36
U0106,S0200,5,S1,2,43.709,False,102.51,112.01
U0106,S0200,6,S1,1,56.126,False,101.341,101.341
U0106,S0200,7,S1,1,41.313,False,83.193,83.193
U0106,S0200,8,S1,1,60.311,False,107.048,117.128
U0106,S0200,9,S1,5,68.652,False,167.981,167.981
U0106,S0200,10,S1,1,47.776,False,93.264,93.264
U0106,S0200,11,S1,3,53.578,False,128.33,128.33
U0106,S0200,12,S1,1,54.644,False,102.271,102.271
U0106,S0200,13,S1,1,38.512,False,79.504,79.504
U0106,S0200,14,S1,5,40.87,False,126.069,126.069
U0106,S0200,15,S1,2,44.984,False,96.654,96.654
U0106,S0200,16,S1,2,50.489,False,106.293,106.293
U0106,S0200,17,S1,1,47.185,False,95.092,95.092
U0106,S0200,18,S1,1,70.315,False,115.894,115.894
U0106,S0200,19,S1,2,45.533,False,103.342,103.342
U0106,S0200,20,S1,1,66.982,False,120.881,120.881
U0106,S0300,1,S1,1,53.481,False,96.133,96.133
U0106,S0300,2,S1,1,53.446,False,101.642,101.642
U0106,S0300,3,S1,1,43.468,False,83.585,83.585
U0106,S0300,4,S1,2,43.142,False,92.11,92.11
U0106,S0300,5,S1,1,54.531,False,97.108,97.108
U0106,S0300,6,S1,1,57.954,False,102.923,102.923
U0106,S0300,7,S1,1,42.115,False,83.683,83.683
U0106,S0300,8,S1,3,43.076,False,107.726,107.726
U0106,S0300,9,S1,1,42.209,False,86.806,86.806
U0106,S0300,10,S1,1,51.304,False,107.434,107.434
U0106,S0300,11,S1,1,46.156,False,92.207,92.207
U0106,S0300,12,S1,3,67.667,False,134.341,134.341
U0106,S0300,13,S1,2,43.827,False,97.384,97.384
U0106,S0300,14,S1,1,58.305,False,104.762,104.762
U0106,S0300,15,S1,2,48.412,False,112.098,112.098
U0106,S0300,16,S1,1,44.653,False,87.88,87.88
U0106,S0300,17,S1,1,45.912,False,86.502,86.502
U0106,S0300,18,S1,3,57.165,False,127.776,132.129
U0106,S0300,19,S1,3,63.907,False,134.169,134.169
U0106,S0300,20,S1,1,68.266,False,121.3,121.3
U0106,S0400,1,S1,2,41.989,False,96.722,96.722
U0106,S0400,2,S1,1,51.884,False,93.14,93.14
U0106,S0400,3,S1,3,54.858,False,130.106,130.106
U0106,S0400,4,S1,3,56.972,False,136.696,136.696
U0106,S0400,5,S1,1,56.587,False,111.534,111.534
U0106,S0400,6,S1,3,72.648,False,140.326,140.326
U0106,S0400,7,S1,1,42.061,False,84.611,84.611
U0106,S0400,8,S1,1,46.368,False,85.985,85.985
U0106,S0400,9,S1,1,49.9,False,91.659,91.659
U0106,S0400,10,S1,1,47.503,False,91.765,91.765
U0106,S0400,11,S1,1,62.992,False,105.116,105.116
U0106,S0400,12,S1,1,56.84,False,101.515,101.515
U0106,S0400,13,S1,1,57.14,False,99.243,99.243
U0106,S0400,14,S1,1,48.949,False,89.538,89.538
U0106,S0400,15,S1,1,59.157,False,102.882,102.882
U0106,S0400,16,S1,1,45.076,False,84.921,84.921
U0106,S0400,17,S1,5,58.32,False,145.873,145.873
U0106,S0400,18,S1,5,55.004,False,138.258,138.258
U0106,S0400,19,S1,5,59.507,False,150.466,150.466
U0106,S0400,20,S1,1,55.299,False,106.319,106.319
U0106,S0500,1,S1,3,59.177,False,126.085,126.085
U0106,S0500,2,S1,2,67.511,False,116.108,116.108
U0106,S0500,3,S1,1,38.436,False,78.938,78.938
U0106,S0500,4,S1,3,51.564,False,114.285,114.285
U0106,S0500,5,S1,2,52.388,False,104.57,104.57
U0106,S0500,6,S1,3,59.999,False,123.513,123.513
U0106,S0500,7,S1,1,41.155,False,90.4,90.4
U0106,S0500,8,S1,1,41.892,False,78.826,78.826
U0106,S0500,9,S1,1,53.08,False,96.134,96.134
U0106,S0500,10,S1,1,52.79,False,101.51,101.51
U0107,S0100,1,S1,3,75.781,False,163.289,163.289
U0107,S0100,2,S1,3,65.388,False,170.463,170.463
U0107,S0100,3,S1,1,60.003,False,109.38,109.38
U0107,S0100,4,S1,3,74.245,False,158.374,158.374
U0107,S0100,5,S1,2,62.452,False,129.162,129.162
U0107,S0100,6,S1,2,56.72,False,115.049,115.049
U0107,S0100,7,S1,1,54.375,False,98.434,98.434
U0107,S0100,8,S1,1,47.749,False,91.014,91.014
U0107,S0100,9,S1,1,52.565,False,94.485,94.485
U0107,S0100,10,S1,1,67.475,False,114.396,114.396
U0107,S0100,11,S1,1,52.143,False,96.047,96.047
U0107,S0100,12,S1,1,50.811,False,90.927,90.927
U0107,S0100,13,S1,1,56.544,False,98.692,98.692
U0107,S0100,14,S1,1,58.475,False,104.867,109.278
U0107,S0100,15,S1,1,54.626,False,97.304,97.304
U0107,S0100,16,S1,1,62.668,False,107.889,107.889
U0107,S0100,17,S1,1,52.819,False,99.224,106.805
U0107,S0100,18,S1,1,47.952,False,87.197,87.197
U0107,S0100,19,S1,1,56.08,False,93.92,93.92
U0107,S0100,20,S1,1,68.356,False,115.154,115.154
U0107,S0200,1,S1,1,56.972,False,97.472,97.472
U0107,S0200,2,S1,4,70.743,False,158.56,158.56
U0107,S0200,3,S1,1,51.621,False,97.622,97.622
U0107,S0200,4,S1,1,59.06,False,120.211,120.211
U0107,S0200,5,S1,2,55.798,False,112.867,112.867
U0107,S0200,6,S1,2,48.979,False,99.885,99.885
U0107,S0200,7,S1,1,55.477,False,98.653,98.653
U0107,S0200,8,S1,1,48.952,False,90.362,90.362
U0107,S0200,9,S1,1,45.247,False,87.159,87.159
U0107,S0200,10,S1,3,69.113,False,156.254,156.254
U0107,S0200,11,S1,1,52.536,False,92.112,92.112
U0107,S0200,12,S1,1,58.682,False,107.401,107.401
U0107,S0200,13,S1,3,59.316,False,125.347,130.632
U0107,S0200,14,S1,1,63.083,False,102.233,102.233
U0107,S0200,15,S1,1,49.317,False,90.874,90.874
U0107,S0200,16,S1,2,60.04,False,112.824,112.824
U0107,S0200,17,S1,1,53.024,False,97.45,97.45
U0107,S0200,18,S1,1,58.937,False,103.6,103.6
U0107,S0200,19,S1,1,47.338,False,88.355,88.355
U0107,S0200,20,S1,1,42.551,False,84.646,84.646
U0107,S0300,1,S1,1,46.124,False,119.315,119.315
U0107,S0300,2,S1,1,52.287,False,95.043,95.043
U0107,S0300,3,S1,1,53.788,False,92.629,92.629
U0107,S0300,4,S1,1,49.782,False,89.346,89.346
U0107,S0300,5,S1,1,53.227,False,94.893,94.893
U0107,S0300,6,S1,1,50.796,False,89.61,89.61
U0107,S0300,7,S1,1,53.952,False,93.473,93.473
U0107,S0300,8,S1,1,51.06,False,91.686,91.686
U0107,S0300,9,S1,1,45.709,False,83.464,83.464
U0107,S0300,10,S1,2,45.245,False,93.886,93.886
U0107,S0300,11,S1,1,62.004,False,103.355,103.355
U0107,S0300,12,S1,1,40.447,False,87.286,87.286
U0107,S0300,13,S1,1,45.937,False,82.114,82.114
U0107,S0300,14,S1,1,51.481,False,88.369,88.369
U0107,S0300,15,S1,1,56.363,False,98.87,98.87
U0107,S0300,16,S1,1,51.15,False,92.869,92.869
U0107,S0300,17,S1,3,59.946,False,122.587,122.587
U0107,S0300,18,S1,1,44.591,False,83.157,83.157
U0107,S0300,19,S1,1,69.862,False,108.276,111.047
U0107,S0300,20,S1,1,44.058,False,83.564,83.564
U0107,S0400,1,S1,1,44.348,False,79.486,79.486
U0107,S0400,2,S1,1,44.784,False,79.153,79.153
U0107,S0400,3,S1,1,50.398,False,83.234,83.234
U0107,S0400,4,S1,1,47.899,False,84.959,84.959
U0107,S0400,5,S1,2,47.76,False,95.648,95.648
U0107,S0400,6,S1,1,51.066,False,87.316,87.316
U0107,S0400,7,S1,1,46.065,False,80.878,80.878
U0107,S0400,8,S1,1,44.111,False,74.734,74.734
U0107,S0400,9,S1,1,48.654,False,82.466,86.727
U0107,S0400,10,S1,2,53.789,False,103.306,103.306
U0107,S0400,11,S1,1,43.649,False,76.712,76.712
U0107,S0400,12,S1,1,43.829,False,74.524,74.524
U0107,S0400,13,S1,1,50.771,False,84.749,84.749
U0107,S0400,14,S1,3,55.524,False,114.499,114.499
U0107,S0400,15,S1,5,56.997,False,137.35,137.35
U0107,S0400,16,S1,1,44.251,False,78.352,78.352
U0107,S0400,17,S1,1,53.716,False,85.49,85.49
U0107,S0400,18,S1,4,54.42,False,124.069,124.069
U0107,S0400,19,S1,3,53.736,False,105.999,105.999
U0107,S0400,20,S1,1,40.334,False,82.348,82.348
U0107,S0500,1,S1,3,44.329,False,102.937,102.937
U0107,S0500,2,S1,1,50.381,False,84.234,84.234
U0107,S0500,3,S1,1,49.622,False,86.22,86.22
U0107,S0500,4,S1,3,54.354,False,107.907,107.907
U0107,S0500,5,S1,2,49.648,False,91.787,91.787
U0107,S0500,6,S1,3,60.013,False,117.492,117.492
U0107,S0500,7,S1,1,44.39,False,87.478,87.478
U0107,S0500,8,S1,2,43.126,False,83.364,83.364
U0107,S0500,9,S1,1,42.701,False,75.278,75.278
U0107,S0500,10,S1,3,40.955,False,92.562,92.562
U0107,S0500,11,S1,1,49.27,False,82.056,82.056
U0107,S0500,12,S1,2,41.779,False,83.266,83.266
U0107,S0500,13,S1,1,39.59,False,72.713,72.713
U0107,S0500,14,S1,2,39.268,False,83.557,83.557
U0107,S0500,15,S1,1,41.567,False,74.116,74.116
U0107,S0500,16,S1,1,43.306,False,89.415,89.415
U0107,S0500,17,S1,1,41.129,False,71.198,71.198
U0107,S0500,18,S1,2,50.523,False,93.417,93.417
U0107,S0500,19,S1,3,38.95,False,90.04,90.04
U0107,S0500,20,S1,5,54.132,False,141.065,141.065
U0108,S0100,1,S1,2,53.608,False,114.535,159.999
U0108,S0100,2,S1,3,45.669,False,117.762,117.762
U0108,S0100,3,S1,2,42.482,False,100.48,100.48
U0108,S0100,4,S1,1,54.352,False,104.417,104.417
U0108,S0100,5,S1,1,46.017,False,94.355,94.355
U0108,S0100,6,S1,4,74.541,False,161.366,161.366
U0108,S0100,7,S1,1,47.42,False,93.043,93.043
U0108,S0100,8,S1,5,85.859,False,191.554,191.554
U0108,S0100,9,S1,1,53.112,False,99.022,99.022
U0108,S0100,10,S1,1,42.71,False,84.146,84.146
U0108,S0100,11,S1,1,46.911,False,91.292,91.292
U0108,S0100,12,S1,1,53.776,False,101.374,101.374
U0108,S0100,13,S1,2,48.332,False,102.522,102.522
U0108,S0100,14,S1,1,41.61,False,86.262,86.262
U0108,S0100,15,S1,1,43.385,False,86.407,86.407
U0108,S0100,16,S1,1,55.301,False,100.844,100.844
U0108,S0100,17,S1,2,43.905,False,92.678,92.678
U0108,S0100,18,S1,1,46.929,False,86.918,86.918
U0108,S0100,19,S1,3,45.743,False,106.095,106.095
U0108,S0100,20,S1,1,50.567,False,97.117,97.117
U0108,S0200,1,S1,1,47.163,False,86.797,86.797
U0108,S0200,2,S1,1,37.766,False,79.414,79.414
U0108,S0200,3,S1,5,52.092,False,131.32,131.32
U0108,S0200,4,S1,2,55.674,False,127.182,127.182
U0108,S0200,5,S1,1,50.845,False,95.734,107.734
U0108,S0200,6,S1,2,40.261,False,93.934,93.934
U0108,S0200,7,S1,2,43.058,False,100.719,100.719
U0108,S0200,8,S1,1,45.122,False,86.686,86.686
U0108,S0200,9,S1,4,49.933,False,130.289,136.552
U0108,S0200,10,S1,3,56.057,False,128.609,128.609
U0108,S0200,11,S1,1,50.746,False,98.688,98.688
U0108,S0200,12,S1,4,100.813,False,195.87,195.87
U0108,S0200,13,S1,1,59.618,False,104.889,107.909
U0108,S0200,14,S1,1,78.549,False,129.999,140.843
U0108,S0200,15,S1,2,54.674,False,114.732,125.826
U0108,S0200,16,S1,1,66.472,False,117.866,129.304
U0108,S0200,17,S1,4,53.788,False,127.043,127.043
U0108,S0200,18,S1,1,44.277,False,91.498,91.498
U0108,S0200,19,S1,1,45.995,False,88.89,88.89
U0108,S0200,20,S1,3,85.723,False,163.188,163.188
U0108,S0300,1,S1,1,60.04,False,106.938,115.352
U0108,S0300,2,S1,5,58.788,False,142.902,142.902
U0108,S0300,3,S1,2,61.107,False,117.368,117.368
U0108,S0300,4,S1,2,46.184,False,102.548,102.548
U0108,S0300,5,S1,3,41.787,False,102.776,102.776
U0108,S0300,6,S1,1,57.146,False,100.777,114.723
U0108,S0300,7,S1,1,39.232,False,80.343,80.343
U0108,S0300,8,S1,1,39.658,False,82.212,82.212
U0108,S0300,9,S1,1,51.721,False,93.474,93.474
U0108,S0300,10,S1,1,47.882,False,90.921,90.921
U0108,S0300,11,S1,4,55.71,False,134.512,134.512
U0108,S0300,12,S1,1,37.252,False,78.199,78.199
U0108,S0300,13,S1,2,52.979,False,111.121,111.121
U0108,S0300,14,S1,1,68.259,False,115.635,115.635
U0108,S0300,15,S1,4,57.927,False,133.965,133.965
U0108,S0300,16,S1,2,46.785,False,98.217,98.217
U0108,S0300,17,S1,1,65.353,False,104.737,104.737
U0108,S0300,18,S1,1,43.9,False,84.172,84.172
U0108,S0300,19,S1,2,42.87,False,91.924,91.924
U0108,S0300,20,S1,1,43.211,False,87.408,87.408
U0108,S0400,1,S1,1,54.781,False,98.972,98.972
U0108,S0400,2,S1,1,42.841,False,87.59,87.59
U0108,S0400,3,S1,5,101.625,False,204.522,204.522
U0108,S0400,4,S1,2,45.485,False,96.454,96.454
U0108,S0400,5,S1,2,47.715,False,99.161,99.161
U0108,S0400,6,S1,1,46.703,False,94.271,94.271
U0108,S0400,7,S1,1,58.225,False,104.007,104.007
U0108,S0400,8,S1,4,74.527,False,157.584,157.584
U0108,S0400,9,S1,1,46.899,False,90.777,90.777
U0108,S0400,10,S1,2,54.658,False,193.78,193.78
U0108,S0400,11,S1,1,57.8,False,105.048,105.048
U0108,S0400,12,S1,4,62.552,False,138.109,138.109
U0108,S0400,13,S1,1,41.71,False,79.676,87.59
U0108,S0400,14,S1,1,68.432,False,112.784,112.784
U0108,S0400,15,S1,1,39.874,False,79.862,79.862
U0108,S0400,16,S1,4,48.926,False,124.442,124.442
U0108,S0400,17,S1,1,44.942,False,85.232,85.232
U0108,S0400,18,S1,3,51.483,False,113.396,113.396
U0108,S0400,19,S1,3,45.757,False,106.889,106.889
U0108,S0400,20,S1,1,39.983,False,86.487,86.487
U0108,S0500,1,S1,2,56.996,False,108.207,113.447
U0108,S0500,2,S1,3,58.898,False,114.124,114.124
U0108,S0500,3,S1,1,39.569,False,77.051,77.051
U0108,S0500,4,S1,2,43.325,False,88.717,88.717
U0108,S0500,5,S1,1,44.765,False,88.592,88.592
U0108,S0500,6,S1,1,59.537,False,98.317,98.317
U0108,S0500,7,S1,1,42.822,False,80.58,80.58
U0108,S0500,8,S1,1,41.887,False,82.324,82.324
U0108,S0500,9,S1,4,47.89,False,119.189,119.189
U0108,S0500,10,S1,1,55.973,False,95.431,95.431
U0108,S0500,11,S1,1,49.572,False,91.415,93.626
U0108,S0500,12,S1,1,64.297,False,106.454,106.454
U0108,S0500,13,S1,5,50.642,False,138.524,138.524
U0108,S0500,14,S1,2,47.709,False,94.841,94.841
U0108,S0500,15,S1,1,47.789,False,91.82,91.82
U0108,S0500,16,S1,4,75.694,False,164.304,164.304
U0108,S0500,17,S1,2,56.085,False,107.171,107.171
U0108,S0500,18,S1,1,66.899,False,106.858,106.858
U0108,S0500,19,S1,1,42.593,False,77.871,77.871
U0108,S0500,20,S1,3,55.499,False,126.708,126.708
U0109,S0100,1,S1,2,75.573,False,166.159,166.159
U0109,S0100,2,S1,1,58.511,False,119.451,124.795
U0109,S0100,3,S1,1,74.318,False,124.894,124.894
U0109,S0100,4,S1,1,62.491,False,135.988,158.366
U0109,S0100,5,S1,1,51.73,False,107.962,107.962
U0109,S0100,6,S1,3,59.336,False,155.989,159.729
U0109,S0100,7,S1,1,63.948,False,135.073,138.321
U0109,S0100,8,S1,1,65.187,False,118.58,118.58
U0109,S0100,9,S1,1,68.412,False,115.735,121.292
U0109,S0100,10,S1,3,65.345,False,153.276,161.821
U0109,S0100,11,S1,5,73.708,False,150.783,233.451
U0109,S0100,12,S1,2,60.635,False,138.079,138.079
U0109,S0100,13,S1,1,64.781,False,118.13,118.13
U0109,S0100,14,S1,1,46.873,False,102.318,102.318
U0109,S0100,15,S1,1,66.305,False,116.817,116.817
U0109,S0100,16,S1,2,77.167,False,141.215,148.798
U0109,S0100,17,S1,3,72.943,False,166.486,166.486
U0109,S0100,18,S1,1,55.882,False,103.92,103.92
U0109,S0100,19,S1,1,72.125,False,123.4,129.016
U0109,S0100,20,S1,1,67.899,False,111.955,114.819
U0109,S0200,1,S1,5,89.474,False,256.713,256.713
U0109,S0200,2,S1,2,70.697,False,156.042,159.392
U0109,S0200,3,S1,2,54.688,False,127.156,138.613
U0109,S0200,4,S1,1,74.112,False,140.388,140.388
U0109,S0200,5,S1,1,52.97,False,114.063,114.063
U0109,S0200,6,S1,2,57.823,False,138.444,143.161
U0109,S0200,7,S1,1,72.177,False,133.197,146.489
U0109,S0200,8,S1,2,70.426,False,142.618,153.077
U0109,S0200,9,S1,1,64.332,False,119.609,119.609
U0109,S0200,10,S1,1,47.223,False,111.421,114.174
U0109,S0200,11,S1,1,79.697,False,132.771,132.771
U0109,S0200,12,S1,1,57.449,False,117.715,121.087
U0109,S0200,13,S1,1,66.149,False,124.12,124.12
U0109,S0200,14,S1,1,63.576,False,131.921,131.921
U0109,S0200,15,S1,1,69.399,False,119.276,119.276
U0109,S0200,16,S1,3,44.844,False,137.577,137.577
U0109,S0200,17,S1,2,46.194,False,112.584,112.584
U0109,S0200,18,S1,1,41.274,False,89.956,89.956
U0109,S0200,19,S1,2,46.722,False,115.283,115.283
U0109,S0200,20,S1,3,63.009,False,164.379,164.379
U0109,S0300,1,S1,1,56.542,False,99.936,99.936
U0109,S0300,2,S1,1,54.114,False,90.606,95.252
U0109,S0300,3,S1,1,45.892,False,85.42,85.42
U0109,S0300,4,S1,1,54.075,False,103.109,103.109
U0109,S0300,5,S1,1,45.59,False,91.782,95.671
U0109,S0300,6,S1,1,40.396,False,92.21,92.21
U0109,S0300,7,S1,4,57.927,False,151.075,151.075
U0109,S0300,8,S1,3,55.057,False,130.53,130.53
U0109,S0300,9,S1,3,56.57,False,127.33,127.33
U0109,S0300,10,S1,1,44.9,False,92.739,92.739
U0109,S0300,11,S1,2,43.065,False,98.253,98.253
U0109,S0300,12,S1,1,43.908,False,86.64,86.64
U0109,S0300,13,S1,3,62.154,False,137.242,137.242
U0109,S0300,14,S1,1,40.198,False,81.807,81.807
U0109,S0300,15,S1,1,60.841,False,110.903,110.903
U0109,S0300,16,S1,1,70.338,False,121.247,124.149
U0109,S0300,17,S1,4,61.321,False,166.272,166.272
U0109,S0300,18,S1,1,36.858,False,72.159,72.159
U0109,S0300,19,S1,1,42.538,False,83.152,83.152
U0109,S0300,20,S1,2,40.164,False,98.066,98.066
U0109,S0400,1,S1,1,65.463,False,109.223,109.223
U0109,S0400,2,S1,1,54.037,False,103.081,103.081
U0109,S0400,3,S1,1,44.176,False,77.394,77.394
U0109,S0400,4,S1,1,53.799,False,95.479,95.479
U0109,S0400,5,S1,2,37.378,False,95.923,95.923
U0109,S0400,6,S1,1,49.662,False,80.743,80.743
U0109,S0400,7,S1,3,62.179,False,132.284,160.097
U0109,S0400,8,S1,3,48.989,False,121.2,121.2
U0109,S0400,9,S1,1,48.595,False,93.293,93.293
U0109,S0400,10,S1,1,44.62,False,83.011,83.011
U0109,S0400,11,S1,1,44.18,False,89.968,89.968
U0109,S0400,12,S1,1,51.58,False,94.23,97.548
U0109,S0400,13,S1,1,43.189,False,75.524,75.524
U0109,S0400,14,S1,3,48.509,False,115.196,115.196
U0109,S0400,15,S1,2,48.322,False,94.729,94.729
U0109,S0400,16,S1,2,42.448,False,91.352,91.352
U0109,S0400,17,S1,5,51.677,False,156.553,163.192
U0109,S0400,18,S1,1,47.472,False,90.201,90.201
U0109,S0400,19,S1,1,42.074,False,76.845,76.845
U0109,S0400,20,S1,3,38.22,False,107.447,107.447
U0109,S0500,1,S1,1,33.097,False,82.065,82.065
U0109,S0500,2,S1,3,60.641,False,136.865,136.865
U0109,S0500,3,S1,1,39.076,False,73.128,73.128
U0109,S0500,4,S1,1,43.036,False,85.127,85.127
U0109,S0500,5,S1,1,45.909,False,82.243,82.243
U0109,S0500,6,S1,5,64.836,False,158.537,167.229
U0109,S0500,7,S1,1,50.192,False,85.66,85.66
U0109,S0500,8,S1,3,65.215,False,132.945,139.711
U0109,S0500,9,S1,1,50.749,False,98.638,100.323
U0109,S0500,10,S1,1,53.527,False,94.372,94.372
U0109,S0500,11,S1,1,46.026,False,81.367,81.367
U0109,S0500,12,S1,1,39.695,False,72.259,72.259
U0109,S0500,13,S1,1,44.175,False,77.827,77.827
U0109,S0500,14,S1,3,39.411,False,97.796,102.489
U0109,S0500,15,S1,1,43.689,False,75.241,76.533
U0109,S0500,16,S1,1,67.685,False,105.219,105.219
U0109,S0500,17,S1,2,44.591,False,96.367,96.367
U0109,S0500,18,S1,5,52.5,False,143.718,146.932
U0109,S0500,19,S1,1,46.158,False,88.963,88.963
U0109,S0500,20,S1,1,37.119,False,91.0,103.857
U0110,S0100,1,S1,2,56.776,False,122.334,126.135
U0110,S0100,2,S1,1,38.442,False,78.721,78.721
U0110,S0100,3,S1,1,46.823,False,93.777,107.533
U0110,S0100,4,S1,1,41.605,False,80.627,80.627
U0110,S0100,5,S1,1,42.017,False,80.814,80.814
U0110,S0100,6,S1,1,41.7,False,81.72,81.72
U0110,S0100,7,S1,1,36.751,False,78.471,78.471
U0110,S0100,8,S1,1,38.968,False,78.127,78.127
U0110,S0100,9,S1,2,37.894,False,87.97,87.97
U0110,S0100,10,S1,1,34.952,False,70.971,70.971
U0110,S0100,11,S1,1,32.853,False,69.064,69.064
U0110,S0100,12,S1,1,36.934,False,72.689,72.689
U0110,S0100,13,S1,1,32.859,False,69.032,69.032
U0110,S0100,14,S1,3,50.676,False,116.972,116.972
U0110,S0100,15,S1,1,40.153,False,80.564,80.564
U0110,S0100,16,S1,1,36.062,False,70.126,70.126
U0110,S0100,17,S1,5,60.568,False,158.754,158.754
U0110,S0100,18,S1,1,40.174,False,76.439,76.439
U0110,S0100,19,S1,4,48.236,False,146.471,146.471
U0110,S0100,20,S1,1,29.458,False,70.612,70.612
U0110,S0200,1,S1,1,38.906,False,80.116,80.116
U0110,S0200,2,S1,1,39.806,False,76.411,76.411
U0110,S0200,3,S1,2,33.024,False,76.11,76.11
U0110,S0200,4,S1,2,44.007,False,89.4,89.4
U0110,S0200,5,S1,2,32.59,False,75.15,75.15
U0110,S0200,6,S1,3,40.545,False,94.41,94.41
U0110,S0200,7,S1,1,29.217,False,56.67,56.67
U0110,S0200,8,S1,1,44.796,False,73.14,73.14
U0110,S0200,9,S1,2,33.519,False,77.16,77.16
U0110,S0200,10,S1,1,32.235,False,60.6,60.6
U0110,S0200,11,S1,1,35.538,False,66.99,66.99
U0110,S0200,12,S1,1,32.702,False,63.12,63.12
U0110,S0200,13,S1,1,34.485,False,64.89,64.89
U0110,S0200,14,S1,2,34.227,False,77.94,77.94
U0110,S0200,15,S1,3,35.222,False,87.69,87.69
U0110,S0200,16,S1,3,39.318,False,89.054,89.054
U0110,S0200,17,S1,1,30.195,False,59.49,59.49
U0110,S0200,18,S1,1,31.778,False,59.047,59.047
U0110,S0200,19,S1,1,30.115,False,60.21,60.21
U0110,S0200,20,S1,1,31.488,False,68.048,68.048
U0110,S0300,1,S1,3,46.925,False,98.472,98.472
U0110,S0300,2,S1,1,34.151,False,59.664,59.664
U0110,S0300,3,S1,2,28.853,False,64.768,64.768
U0110,S0300,4,S1,2,31.486,False,69.139,69.139
U0110,S0300,5,S1,2,30.032,False,67.056,67.056
U0110,S0300,6,S1,5,39.52,False,111.29,111.29
U0110,S0300,7,S1,1,23.622,False,49.838,49.838
U0110,S0300,8,S1,2,32.315,False,67.115,67.115
U0110,S0300,9,S1,1,33.405,False,61.218,61.218
U0110,S0300,10,S1,1,28.812,False,57.171,57.171
U0110,S0300,11,S1,1,26.734,False,50.688,50.688
U0110,S0300,12,S1,3,28.207,False,75.152,75.152
U0110,S0300,13,S1,1,27.659,False,56.379,56.379
U0110,S0300,14,S1,1,25.565,False,51.685,51.685
U0110,S0300,15,S1,5,33.344,False,103.378,103.378
U0110,S0300,16,S1,1,25.642,False,50.16,50.16
U0110,S0300,17,S1,3,32.73,False,78.085,78.085
U0110,S0300,18,S1,5,41.11,False,115.896,115.896
U0110,S0300,19,S1,3,72.569,False,125.752,125.752
U0110,S0300,20,S1,1,30.017,False,66.909,66.909
U0110,S0400,1,S1,5,37.907,False,94.754,94.754
U0110,S0400,2,S1,1,29.895,False,64.652,72.072
U0110,S0400,3,S1,5,33.471,False,103.605,103.605
U0110,S0400,4,S1,2,33.201,False,67.232,67.232
U0110,S0400,5,S1,4,31.17,False,88.176,88.176
U0110,S0400,6,S1,1,27.283,False,53.621,53.621
U0110,S0400,7,S1,3,28.054,False,72.981,72.981
U0110,S0400,8,S1,1,27.002,False,52.669,55.382
U0110,S0400,9,S1,1,31.013,False,56.825,56.825
U0110,S0400,10,S1,1,27.509,False,51.275,51.275
U0110,S0400,11,S1,1,28.998,False,56.818,56.818
U0110,S0400,12,S1,1,26.448,False,51.042,51.042
U0110,S0400,13,S1,4,31.191,False,84.741,84.741
U0110,S0400,14,S1,3,37.058,False,80.713,80.713
U0110,S0400,15,S1,2,26.787,False,59.307,59.307
U0110,S0400,16,S1,1,24.687,False,49.891,49.891
U0110,S0400,17,S1,2,36.315,False,71.125,78.091
U0110,S0400,18,S1,4,28.563,False,83.597,83.597
U0110,S0400,19,S1,2,37.253,False,77.043,77.043
U0110,S0400,20,S1,3,33.806,False,87.556,87.556
U0110,S0500,1,S1,1,30.459,False,55.703,55.703
U0110,S0500,2,S1,1,25.445,False,49.495,49.495
U0110,S0500,3,S1,2,34.587,False,71.673,78.197
U0110,S0500,4,S1,1,27.51,False,53.176,53.176
U0110,S0500,5,S1,5,34.803,False,100.281,100.281
U0110,S0500,6,S1,1,27.514,False,51.152,51.152
U0110,S0500,7,S1,2,25.007,False,56.359,56.359
U0110,S0500,8,S1,1,26.762,False,53.14,53.14
U0110,S0500,9,S1,3,27.524,False,73.537,77.602
U0110,S0500,10,S1,1,30.816,False,60.543,60.543
U0110,S0500,11,S1,1,23.779,False,50.243,50.243
U0110,S0500,12,S1,5,28.541,False,96.527,96.527
U0110,S0500,13,S1,1,32.983,False,59.771,59.771
U0110,S0500,14,S1,1,26.281,False,50.887,50.887
U0110,S0500,15,S1,3,40.624,False,88.051,91.539
U0110,S0500,16,S1,1,25.644,False,56.681,56.681
U0110,S0500,17,S1,1,32.148,False,56.533,62.152
U0110,S0500,18,S1,4,31.056,False,83.492,83.492
U0110,S0500,19,S1,3,36.912,False,83.018,92.447
U0110,S0500,20,S1,1,34.321,False,67.993,67.993
U0111,S0100,1,S1,2,76.926,False,158.961,172.316
U0111,S0100,2,S1,2,63.792,False,136.206,136.206
U0111,S0100,3,S1,5,71.759,False,188.738,188.738
U0111,S0100,4,S1,1,63.561,False,122.268,122.268
U0111,S0100,5,S1,2,78.814,False,161.598,161.598
U0111,S0100,6,S1,5,67.297,False,180.55,180.55
U0111,S0100,7,S1,2,83.743,False,150.052,150.052
U0111,S0100,8,S1,4,54.486,False,148.994,148.994
U0111,S0100,9,S1,1,49.548,False,100.372,100.372
U0111,S0100,10,S1,2,104.191,False,177.95,177.95
U0111,S0100,11,S1,1,72.293,False,126.21,132.434
U0111,S0100,12,S1,1,45.202,False,97.969,97.969
U0111,S0100,13,S1,1,58.217,False,115.189,115.189
U0111,S0100,14,S1,1,53.783,False,103.834,103.834
U0111,S0100,15,S1,2,49.354,False,110.474,110.474
U0111,S0100,16,S1,1,59.032,False,104.57,104.57
U0111,S0100,17,S1,4,76.931,False,175.429,179.645
U0111,S0100,18,S1,1,46.3,False,96.306,96.306
U0111,S0100,19,S1,1,42.768,False,91.48,91.48
U0111,S0100,20,S1,2,57.52,False,110.8,110.8
U0111,S0200,1,S1,2,41.063,False,105.206,105.206
U0111,S0200,2,S1,1,49.249,False,93.772,93.772
U0111,S0200,3,S1,2,62.552,False,118.691,118.691
U0111,S0200,4,S1,1,67.154,False,116.534,116.534
U0111,S0200,5,S1,3,41.803,False,108.587,108.587
U0111,S0200,6,S1,1,50.297,False,90.025,90.025
U0111,S0200,7,S1,1,40.751,False,81.335,81.335
U0111,S0200,8,S1,2,41.57,False,97.868,97.868
U0111,S0200,9,S1,2,55.635,False,108.66,108.66
U0111,S0200,10,S1,1,66.662,False,114.781,127.013
U0111,S0200,11,S1,1,61.91,False,108.532,108.532
U0111,S0200,12,S1,1,48.3,False,94.81,94.81
U0111,S0200,13,S1,2,41.154,False,93.525,93.525
U0111,S0200,14,S1,1,66.506,False,110.799,110.799
U0111,S0200,15,S1,1,44.246,False,79.986,79.986
U0111,S0200,16,S1,3,67.682,False,134.861,153.122
U0111,S0200,17,S1,3,63.231,False,137.21,137.21
U0111,S0200,18,S1,1,37.566,False,72.716,72.716
U0111,S0200,19,S1,1,45.004,False,79.539,79.539
U0111,S0200,20,S1,1,61.957,False,125.381,131.805
U0111,S0300,1,S1,1,48.611,False,146.63,146.63
U0111,S0300,2,S1,3,77.38,False,144.42,144.42
U0111,S0300,3,S1,2,62.933,False,117.0,117.0
U0111,S0300,4,S1,2,57.38,False,110.37,110.37
U0111,S0300,5,S1,1,45.333,False,81.9,81.9
U0111,S0300,6,S1,1,52.366,False,97.52,97.52
U0111,S0300,7,S1,1,51.328,False,90.65,90.65
U0111,S0300,8,S1,5,57.982,False,158.1,158.1
U0111,S0300,9,S1,1,44.223,False,81.02,81.02
U0111,S0300,10,S1,1,39.175,False,75.56,75.56
U0111,S0300,11,S1,5,46.59,False,144.5,144.5
U0111,S0300,12,S1,3,66.657,False,133.51,133.51
U0111,S0300,13,S1,3,43.38,False,110.72,110.72
U0111,S0300,14,S1,1,36.791,False,80.99,80.99
U0111,S0300,15,S1,2,56.38,False,108.92,108.92
U0111,S0300,16,S1,1,49.582,False,89.23,89.23
U0111,S0300,17,S1,1,48.405,False,83.5,83.5
U0111,S0300,18,S1,1,37.039,False,70.724,70.724
U0111,S0300,19,S1,1,45.685,False,84.55,84.55
U0111,S0300,20,S1,3,36.581,False,115.376,115.376
U0111,S0400,1,S1,3,51.051,False,113.249,113.249
U0111,S0400,2,S1,1,40.689,False,79.265,79.265
U0111,S0400,3,S1,4,47.206,False,115.955,115.955
U0111,S0400,4,S1,4,45.091,False,118.301,118.301
U0111,S0400,5,S1,4,46.004,False,111.233,111.233
U0111,S0400,6,S1,3,56.117,False,115.287,115.287
U0111,S0400,7,S1,1,39.01,False,72.981,72.981
U0111,S0400,8,S1,2,40.922,False,86.71,86.71
U0111,S0400,9,S1,3,44.114,False,105.079,105.079
U0111,S0400,10,S1,1,57.748,False,94.093,94.093
U0111,S0400,11,S1,1,55.468,False,96.976,96.976
U0111,S0400,12,S1,1,48.116,False,91.132,91.132
U0111,S0400,13,S1,2,74.398,False,129.8,129.8
U0111,S0400,14,S1,1,47.515,False,84.18,84.18
U0111,S0400,15,S1,1,52.546,False,91.388,91.388
U0111,S0400,16,S1,3,64.377,False,130.086,130.086
U0111,S0400,17,S1,1,63.766,False,99.336,99.336
U0111,S0400,18,S1,3,45.959,False,98.509,98.509
U0111,S0400,19,S1,2,62.283,False,114.407,114.407
U0111,S0400,20,S1,1,62.125,False,109.878,115.321
U0111,S0500,1,S1,1,51.004,False,86.944,86.944
U0111,S0500,2,S1,4,80.391,False,160.391,175.685
U0111,S0500,3,S1,1,39.787,False,73.274,73.274
U0111,S0500,4,S1,3,35.272,False,86.798,86.798
U0111,S0500,5,S1,1,38.789,False,73.392,73.392
U0111,S0500,6,S1,3,55.167,False,114.165,114.165
U0111,S0500,7,S1,1,36.876,False,69.256,69.256
U0111,S0500,8,S1,2,33.619,False,78.995,78.995
U0111,S0500,9,S1,1,43.237,False,82.837,82.837
U0111,S0500,10,S1,1,59.901,False,103.387,108.248
U0111,S0500,11,S1,1,41.143,False,79.17,79.17
U0111,S0500,12,S1,1,45.396,False,81.136,81.136
U0111,S0500,13,S1,4,56.142,False,128.982,132.352
U0111,S0500,14,S1,1,52.823,False,88.41,88.41
U0111,S0500,15,S1,1,53.249,False,100.467,100.467
U0111,S0500,16,S1,3,42.118,False,97.833,97.833
U0111,S0500,17,S1,2,59.793,False,100.614,100.614
U0111,S0500,18,S1,1,42.973,False,75.416,75.416
U0111,S0500,19,S1,3,47.989,False,101.603,131.237
U0111,S0500,20,S1,3,62.416,False,133.069,133.069
U0201,S0100,1,S2,1,54.781,False,112.392,112.392
U0201,S0100,2,S2,3,65.277,False,143.295,143.295
U0201,S0100,3,S2,2,54.694,False,120.2,120.2
U0201,S0100,4,S2,5,74.961,False,211.537,211.537
U0201,S0100,5,S2,1,53.164,False,105.421,105.421
U0201,S0100,6,S2,2,51.123,False,102.541,102.541
U0201,S0100,7,S2,1,84.861,False,149.202,149.202
U0201,S0100,8,S2,14,51.24,False,200.612,200.612
U0201,S0100,9,S2,2,54.007,False,103.266,103.266
U0201,S0100,10,S2,1,48.494,False,87.59,87.59
U0201,S0100,11,S2,1,53.623,False,95.815,95.815
U0201,S0100,12,S2,2,48.168,False,104.33,104.33
U0201,S0100,13,S2,3,59.806,False,141.84,141.84
U0201,S0100,14,S2,1,44.928,False,86.526,86.526
U0201,S0100,15,S2,4,49.054,False,126.038,126.038
U0201,S0100,16,S2,1,45.848,False,83.043,83.043
U0201,S0100,17,S2,1,46.155,False,85.53,85.53
U0201,S0100,18,S2,3,61.07,False,123.656,123.656
U0201,S0100,19,S2,1,49.406,False,91.038,91.038
U0201,S0100,20,S2,2,44.744,False,101.685,101.685
U0201,S0200,9,S3,3,57.395,False,123.673,123.673
U0201,S0200,10,S3,1,40.873,False,84.166,84.166
U0201,S0200,11,S3,1,81.411,False,127.947,127.947
U0201,S0200,12,S3,3,63.752,False,159.46,159.46
U0201,S0200,13,S3,1,65.664,False,114.129,114.129
U0201,S0200,14,S3,3,68.688,False,144.268,144.268
U0201,S0200,15,S3,1,40.32,False,83.606,83.606
U0201,S0200,16,S3,1,65.165,False,118.549,118.549
U0201,S0200,17,S3,1,51.267,False,96.215,96.215
U0201,S0200,18,S3,1,50.888,False,103.711,105.899
U0201,S0200,19,S3,1,50.838,False,101.185,101.185
U0201,S0200,20,S3,2,30.764,False,86.864,86.864
U0201,S0300,1,S3,2,65.379,False,127.211,129.836
U0201,S0300,2,S3,4,64.2,False,144.398,144.398
U0201,S0300,3,S3,5,48.398,False,162.26,165.393
U0201,S0300,4,S3,2,57.33,False,106.9,106.9
U0201,S0300,5,S3,4,67.091,False,149.064,149.064
U0201,S0300,6,S3,2,43.573,False,92.128,92.128
U0201,S0300,7,S3,1,46.509,False,85.205,85.205
U0201,S0300,8,S3,5,52.625,False,163.928,163.928
U0201,S0300,9,S3,2,64.146,False,110.064,110.064
U0201,S0300,10,S3,1,35.581,False,72.622,72.622
U0201,S0300,11,S3,1,43.456,False,81.369,81.369
U0201,S0300,12,S3,1,49.386,False,87.907,87.907
U0201,S0300,13,S3,1,59.836,False,111.788,111.788
U0201,S0300,14,S3,2,59.928,False,101.509,101.509
U0201,S0300,15,S3,1,46.746,False,82.005,82.005
U0201,S0300,16,S3,2,65.286,False,114.966,114.966
U0201,S0300,17,S3,1,51.269,False,89.572,89.572
U0201,S0300,18,S3,2,55.101,False,109.961,109.961
U0201,S0300,19,S3,1,50.486,False,88.043,88.043
U0201,S0300,20,S3,2,35.93,False,89.483,89.483
U0201,S0400,1,S4,1,41.02,False,77.871,77.871
U0201,S0400,2,S4,2,33.535,False,73.543,73.543
U0201,S0400,3,S4,3,51.8,False,104.148,104.148
U0201,S0400,4,S4,2,36.575,False,88.218,88.218
U0201,S0400,5,S4,1,34.084,False,62.493,62.493
U0201,S0400,6,S4,2,40.591,False,95.465,95.465
U0201,S0400,7,S4,2,37.914,False,80.483,80.483
U0201,S0400,8,S4,11,47.962,False,124.362,124.362
U0201,S0400,9,S4,1,33.627,False,61.976,61.976
U0201,S0400,10,S4,1,41.566,False,74.861,74.861
U0201,S0400,11,S4,1,47.63,False,79.355,79.355
U0201,S0400,12,S4,1,29.791,False,62.085,62.085
U0201,S0400,13,S4,2,37.353,False,75.288,75.288
U0201,S0400,14,S4,5,60.288,False,141.686,141.686
U0201,S0400,15,S4,1,39.555,False,74.384,74.384
U0201,S0400,16,S4,2,43.373,False,89.467,89.467
U0201,S0400,17,S4,1,29.277,False,58.738,58.738
U0201,S0400,18,S4,2,46.617,False,90.411,90.411
U0201,S0400,19,S4,2,40.215,False,84.544,84.544
U0201,S0400,20,S4,1,52.256,False,99.857,99.857
U0201,S0500,1,S2,4,40.42,False,94.619,94.619
U0201,S0500,2,S2,3,42.696,False,93.129,93.129
U0201,S0500,3,S2,4,36.163,False,91.873,91.873
U0201,S0500,4,S2,1,35.078,False,73.289,73.289
U0201,S0500,5,S2,3,34.538,False,79.822,79.822
U0201,S0500,6,S2,1,34.659,False,66.57,66.57
U0201,S0500,7,S2,2,86.293,False,129.444,129.444
U0201,S0500,8,S2,2,30.884,False,67.7,67.7
U0201,S0500,9,S2,3,31.024,False,70.552,70.552
U0201,S0500,10,S2,2,30.109,False,63.697,63.697
U0201,S0500,11,S2,1,30.491,False,58.361,58.361
U0201,S0500,12,S2,2,38.328,False,82.146,82.146
U0201,S0500,13,S2,2,29.8,False,64.833,64.833
U0201,S0500,14,S2,3,41.202,False,83.473,83.473
U0201,S0500,15,S2,1,37.595,False,64.807,64.807
U0201,S0500,16,S2,3,33.809,False,79.167,79.167
U0201,S0500,17,S2,1,31.3,False,55.4,55.4
U0201,S0500,18,S2,2,34.748,False,71.254,71.254
U0201,S0500,19,S2,1,32.559,False,59.412,59.412
U0201,S0500,20,S2,2,36.923,False,80.824,80.824
U0202,S0100,1,S2,3,65.472,False,224.555,224.555
U0202,S0100,2,S2,1,62.035,False,115.677,115.677
U0202,S0100,3,S2,2,60.057,False,131.077,131.077
U0202,S0100,4,S2,2,48.06,False,111.325,127.904
U0202,S0100,5,S2,2,44.04,False,83.784,83.784
U0202,S0100,6,S2,1,52.561,False,92.947,92.947
U0202,S0100,7,S2,2,47.226,False,101.863,101.863
U0202,S0100,8,S2,1,54.418,False,100.338,100.338
U0202,S0100,9,S2,4,69.428,False,166.116,166.116
U0202,S0100,10,S2,1,52.783,False,94.52,94.52
U0202,S0100,11,S2,3,55.099,False,117.131,117.131
U0202,S0100,12,S2,1,43.012,False,84.25,84.25
U0202,S0100,13,S2,1,56.73,False,107.515,107.515
U0202,S0100,14,S2,3,41.998,False,104.787,104.787
U0202,S0100,15,S2,2,43.076,False,89.579,89.579
U0202,S0100,16,S2,1,38.823,False,77.645,77.645
U0202,S0100,17,S2,1,62.098,False,104.963,104.963
U0202,S0100,18,S2,1,45.499,False,87.447,91.456
U0202,S0100,19,S2,3,52.558,False,124.215,124.215
U0202,S0100,20,S2,1,53.84,False,90.234,90.234
U0202,S0200,1,S2,1,42.744,False,83.092,83.092
U0202,S0200,2,S2,1,46.291,False,88.38,88.38
U0202,S0200,3,S2,1,45.439,False,82.989,82.989
U0202,S0200,4,S2,2,38.294,False,84.899,84.899
U0202,S0200,5,S2,3,42.496,False,98.998,98.998
U0202,S0200,6,S2,2,51.964,False,99.701,101.414
U0202,S0200,7,S2,2,34.472,False,75.71,75.71
U0202,S0200,8,S2,1,46.004,False,130.423,130.423
U0202,S0200,9,S2,2,45.428,False,101.684,101.684
U0202,S0200,10,S2,2,41.14,False,84.037,84.037
U0202,S0200,11,S2,1,36.537,False,73.23,73.23
U0202,S0200,12,S2,1,33.065,False,66.462,66.462
U0202,S0200,13,S2,1,49.733,False,85.017,88.399
U0202,S0200,14,S2,1,42.554,False,89.528,89.528
U0202,S0200,15,S2,1,43.58,False,84.09,84.09
U0202,S0200,16,S2,1,39.381,False,76.371,76.371
U0202,S0200,17,S2,1,48.23,False,89.552,89.552
U0202,S0200,18,S2,2,42.739,False,96.24,96.24
U0202,S0200,19,S2,1,36.418,False,69.965,69.965
U0202,S0200,20,S2,2,53.386,False,106.814,106.814
U0202,S0300,1,S3,1,46.945,False,90.372,90.372
U0202,S0300,2,S3,4,54.494,False,139.651,139.651
U0202,S0300,3,S3,1,36.487,False,70.968,70.968
U0202,S0300,4,S3,1,44.828,False,76.349,76.349
U0202,S0300,5,S3,4,72.672,False,166.875,166.875
U0202,S0300,6,S3,2,29.655,False,126.723,126.723
U0202,S0300,7,S3,2,45.766,False,104.309,104.309
U0202,S0300,8,S3,1,32.605,False,99.784,99.784
U0202,S0300,9,S3,1,32.532,False,71.653,71.653
U0202,S0300,10,S3,1,50.194,False,84.557,84.557
U0202,S0300,11,S3,5,75.518,False,180.587,180.587
U0202,S0300,12,S3,1,71.198,False,111.261,111.261
U0202,S0300,13,S3,4,46.592,False,134.631,134.631
U0202,S0300,14,S3,3,43.586,False,104.113,104.113
U0202,S0300,15,S3,1,39.509,False,73.166,73.166
U0202,S0300,16,S3,2,43.561,False,89.521,89.521
U0202,S0300,17,S3,1,25.283,False,76.094,76.094
U0202,S0300,18,S3,1,35.692,False,80.046,87.659
U0202,S0300,19,S3,1,43.455,False,79.678,79.678
U0202,S0300,20,S3,2,37.543,False,88.502,88.502
U0202,S0400,1,S3,4,45.138,False,132.154,132.154
U0202,S0400,2,S3,2,41.573,False,99.574,99.574
U0202,S0400,3,S3,2,48.419,False,98.842,98.842
U0202,S0400,4,S3,2,34.604,False,84.22,84.22
U0202,S0400,5,S3,1,36.783,False,69.674,69.674
U0202,S0400,6,S3,1,38.105,False,75.24,75.24
U0202,S0400,7,S3,1,32.681,False,66.96,66.96
U0202,S0400,8,S3,1,38.219,False,72.521,78.133
U0202,S0400,9,S3,1,27.259,False,58.443,58.443
U0202,S0400,10,S3,1,34.804,False,95.417,100.988
U0202,S0400,11,S3,2,35.826,False,83.561,88.517
U0202,S0400,12,S3,2,34.939,False,75.256,75.256
U0202,S0400,13,S3,3,44.802,False,106.464,106.464
U0202,S0400,14,S3,1,43.396,False,75.62,75.62
U0202,S0400,15,S3,1,62.79,False,107.42,115.227
U0202,S0400,16,S3,4,84.585,False,158.749,221.971
U0202,S0400,17,S3,3,35.948,False,100.182,100.182
U0202,S0400,18,S3,1,39.423,False,76.092,76.092
U0202,S0400,19,S3,4,36.899,False,121.372,121.372
U0202,S0400,20,S3,1,48.212,False,85.458,86.74
U0202,S0500,1,S4,1,31.502,False,58.253,58.253
U0202,S0500,2,S4,3,47.153,False,101.088,111.246
U0202,S0500,3,S4,2,30.558,False,72.314,74.389
U0202,S0500,4,S4,1,26.657,False,55.675,55.675
U0202,S0500,5,S4,1,27.479,False,55.304,55.304
U0202,S0500,6,S4,5,53.855,False,145.165,145.165
U0202,S0500,7,S4,4,34.97,False,105.179,105.179
U0202,S0500,8,S4,1,47.444,False,80.956,80.956
U0202,S0500,9,S4,1,24.277,False,52.082,57.065
U0202,S0500,10,S4,1,25.621,False,48.606,48.606
U0202,S0500,11,S4,2,34.791,False,69.066,69.066
U0202,S0500,12,S4,2,29.038,False,74.333,74.333
U0202,S0500,13,S4,1,31.921,False,59.465,59.465
U0202,S0500,14,S4,2,30.153,False,69.171,69.171
U0202,S0500,15,S4,2,0,True,14.94,14.94
U0203,S0100,1,S2,1,49.733,False,113.776,113.776
U0203,S0100,2,S2,1,39.695,False,75.566,75.566
U0203,S0100,3,S2,1,41.446,False,79.84,79.84
U0203,S0100,4,S2,2,58.782,False,112.573,112.573
U0203,S0100,5,S2,3,65.332,False,138.597,138.597
U0203,S0100,6,S2,1,44.288,False,79.727,79.727
U0203,S0100,7,S2,1,51.45,False,107.038,165.033
U0203,S0100,8,S2,5,46.852,False,134.403,134.403
U0203,S0100,9,S2,2,59.184,False,119.187,119.187
U0203,S0100,10,S2,1,37.863,False,76.04,76.04
U0203,S0100,11,S2,3,88.975,False,156.024,156.024
U0203,S0100,12,S2,1,54.739,False,94.949,94.949
U0203,S0100,13,S2,2,47.281,False,104.45,104.45
U0203,S0100,14,S2,1,44.436,False,84.283,84.283
U0203,S0100,15,S2,5,79.033,False,170.727,170.727
U0203,S0100,16,S2,2,45.179,False,102.038,102.038
U0203,S0100,17,S2,1,44.335,False,84.265,84.265
U0203,S0100,18,S2,3,47.255,False,101.845,101.845
U0203,S0100,19,S2,1,46.229,False,83.747,83.747
U0203,S0100,20,S2,2,41.388,False,94.074,94.074
U0203,S0200,1,S2,2,40.793,False,89.894,89.894
U0203,S0200,2,S2,2,64.146,False,113.708,118.189
U0203,S0200,3,S2,5,71.975,False,157.253,157.253
U0203,S0200,4,S2,1,49.134,False,85.238,85.238
U0203,S0200,5,S2,1,40.002,False,77.806,77.806
U0203,S0200,6,S2,3,61.178,False,131.356,131.356
U0203,S0200,7,S2,2,45.873,False,95.82,95.82
U0203,S0200,8,S2,3,73.15,False,138.604,138.604
U0203,S0200,9,S2,1,55.186,False,93.717,93.717
U0203,S0200,10,S2,4,44.972,False,92.697,92.697
U0203,S0200,11,S2,1,56.73,False,98.333,98.333
U0203,S0200,12,S2,4,43.269,False,113.503,113.503
U0203,S0200,13,S2,1,44.085,False,83.148,83.148
U0203,S0200,14,S2,3,53.497,False,113.521,119.064
U0203,S0200,15,S2,1,40.623,False,79.324,79.324
U0203,S0200,16,S2,1,50.225,False,91.754,91.754
U0203,S0200,17,S2,1,43.771,False,81.027,81.027
U0203,S0200,18,S2,1,50.385,False,91.395,91.395
U0203,S0200,19,S2,3,67.301,False,117.969,117.969
U0203,S0200,20,S2,3,50.815,False,113.57,113.57
U0203,S0300,1,S3,1,41.211,False,86.837,86.837
U0203,S0300,2,S3,1,47.306,False,81.387,81.387
U0203,S0300,3,S3,1,30.077,False,67.461,67.461
U0203,S0300,4,S3,1,51.574,False,89.133,89.133
U0203,S0300,5,S3,1,30.738,False,66.08,66.08
U0203,S0300,6,S3,2,65.808,False,111.812,117.115
U0203,S0300,7,S3,3,43.082,False,116.098,116.098
U0203,S0300,8,S3,1,43.061,False,81.0,87.644
U0203,S0300,9,S3,2,85.259,False,140.304,140.304
U0203,S0300,10,S3,1,50.232,False,90.345,90.345
U0203,S0300,11,S3,3,45.238,False,125.535,125.535
U0203,S0300,12,S3,3,58.834,False,130.957,130.957
U0203,S0300,13,S3,10,37.757,False,140.569,140.569
U0203,S0300,14,S3,1,53.224,False,92.017,92.017
U0203,S0300,15,S3,1,46.667,False,88.622,88.622
U0203,S0300,16,S3,1,40.793,False,95.993,95.993
U0203,S0300,17,S3,1,33.777,False,69.353,69.353
U0203,S0300,18,S3,2,59.6,False,107.777,107.777
U0203,S0300,19,S3,1,47.919,False,88.048,88.048
U0203,S0300,20,S3,2,50.651,False,115.984,115.984
U0203,S0400,1,S3,1,45.797,False,75.512,75.512
U0203,S0400,2,S3,3,55.35,False,111.244,111.244
U0203,S0400,3,S3,2,41.955,False,90.076,90.076
U0203,S0400,4,S3,1,38.115,False,72.45,72.45
U0203,S0400,5,S3,2,46.323,False,92.878,92.878
U0203,S0400,6,S3,1,43.105,False,76.992,76.992
U0203,S0400,7,S3,1,48.489,False,81.984,81.984
U0203,S0400,8,S3,2,39.329,False,86.192,86.192
U0203,S0400,9,S3,2,55.087,False,99.696,106.82
U0203,S0400,10,S3,2,43.203,False,93.206,93.206
U0203,S0400,11,S3,1,39.19,False,78.046,78.046
U0203,S0400,12,S3,4,41.879,False,105.432,105.432
U0203,S0400,13,S3,2,46.326,False,96.24,96.24
U0203,S0400,14,S3,1,41.442,False,76.917,76.917
U0203,S0400,15,S3,1,41.255,False,88.376,88.376
U0203,S0400,16,S3,1,39.807,False,77.043,77.043
U0203,S0400,17,S3,2,39.109,False,97.488,97.488
U0203,S0400,18,S3,5,62.07,False,145.272,145.272
U0203,S0400,19,S3,1,48.981,False,90.024,90.024
U0203,S0400,20,S3,5,82.591,False,178.115,178.115
U0203,S0500,1,S4,2,36.223,False,69.003,69.003
U0203,S0500,2,S4,1,29.938,False,72.204,72.204
U0203,S0500,3,S4,4,48.425,False,106.886,106.886
U0203,S0500,4,S4,4,30.524,False,92.486,92.486
U0203,S0500,5,S4,5,42.837,False,96.587,96.587
U0203,S0500,6,S4,4,31.632,False,76.698,76.698
U0203,S0500,7,S4,3,35.437,False,85.707,85.707
U0203,S0500,8,S4,3,27.994,False,82.763,82.763
U0203,S0500,9,S4,2,20.781,False,69.829,69.829
U0203,S0500,10,S4,3,41.939,False,89.571,89.571
U0203,S0500,11,S4,3,60.023,False,106.58,106.58
U0203,S0500,12,S4,2,39.43,False,73.853,73.853
U0203,S0500,13,S4,1,34.643,False,63.081,63.081
U0203,S0500,14,S4,2,27.325,False,58.9,58.9
U0203,S0500,15,S4,2,34.643,False,68.093,68.093
U0203,S0500,16,S4,1,33.387,False,60.541,60.541
U0203,S0500,17,S4,4,32.155,False,89.712,89.712
U0203,S0500,18,S4,1,28.872,False,56.088,56.088
U0203,S0500,19,S4,3,25.213,False,77.384,77.384
U0203,S0500,20,S4,1,31.591,False,66.969,66.969
U0204,S0100,1,S2,1,40.719,False,74.516,74.516
U0204,S0100,2,S2,1,40.627,False,77.664,77.664
U0204,S0100,3,S2,4,69.099,False,157.056,157.056
U0204,S0100,4,S2,1,27.886,False,56.238,56.238
U0204,S0100,5,S2,1,28.489,False,67.759,67.759
U0204,S0100,6,S2,4,33.192,False,95.396,95.396
U0204,S0100,7,S2,3,31.356,False,82.071,82.071
U0204,S0100,8,S2,1,26.52,False,57.306,57.306
U0204,S0100,9,S2,1,26.889,False,55.68,57.407
U0204,S0100,10,S2,1,48.285,False,76.86,76.86
U0204,S0100,11,S2,5,43.684,False,122.226,122.226
U0204,S0100,12,S2,1,31.338,False,62.316,62.316
U0204,S0100,13,S2,2,26.935,False,63.478,63.478
U0204,S0100,14,S2,1,29.432,False,59.033,59.033
U0204,S0100,15,S2,2,57.097,False,96.961,96.961
U0204,S0100,16,S2,1,24.384,False,55.963,55.963
U0204,S0100,17,S2,2,35.032,False,71.642,71.642
U0204,S0100,18,S2,4,30.073,False,69.488,69.488
U0204,S0100,19,S2,2,32.408,False,80.893,80.893
U0204,S0100,20,S2,1,41.095,False,81.775,87.527
U0204,S0200,1,S2,2,40.645,False,79.63,79.63
U0204,S0200,2,S2,2,36.854,False,76.834,76.834
U0204,S0200,3,S2,1,32.297,False,60.099,60.099
U0204,S0200,4,S2,1,30.587,False,58.046,58.046
U0204,S0200,5,S2,1,40.266,False,67.875,67.875
U0204,S0200,6,S2,4,29.712,False,69.148,69.148
U0204,S0200,7,S2,1,28.611,False,57.105,57.105
U0204,S0200,8,S2,1,37.888,False,68.693,68.693
U0204,S0200,9,S2,1,38.207,False,66.754,66.754
U0204,S0200,10,S2,1,35.339,False,63.1,63.1
U0204,S0200,11,S2,4,38.443,False,105.72,105.72
U0204,S0200,12,S2,1,40.19,False,76.046,76.046
U0204,S0200,13,S2,3,52.055,False,100.152,100.152
U0204,S0200,14,S2,1,27.526,False,50.894,50.894
U0204,S0200,15,S2,1,38.282,False,69.614,69.614
U0204,S0200,16,S2,1,33.919,False,62.827,62.827
U0204,S0200,17,S2,1,22.488,False,46.687,46.687
U0204,S0200,18,S2,1,22.755,False,48.448,48.448
U0204,S0200,19,S2,1,25.54,False,53.461,53.461
U0204,S0200,20,S2,1,37.352,False,73.348,73.348
U0204,S0300,1,S3,2,31.919,False,85.384,85.384
U0204,S0300,2,S3,1,32.687,False,60.37,60.37
U0204,S0300,3,S3,2,29.46,False,96.699,96.699
U0204,S0300,4,S3,1,31.72,False,74.16,74.16
U0204,S0300,5,S3,2,34.86,False,71.78,71.78
U0204,S0300,6,S3,3,39.04,False,89.02,93.64
U0204,S0300,7,S3,1,32.98,False,63.18,63.18
U0204,S0300,8,S3,2,26.3,False,61.227,61.227
U0204,S0300,9,S3,4,29.44,False,108.44,108.44
U0204,S0300,10,S3,1,25.21,False,46.849,46.849
U0204,S0300,11,S3,1,29.078,False,77.091,77.091
U0204,S0300,12,S3,1,22.231,False,41.841,41.841
U0204,S0300,13,S3,2,36.521,False,77.395,77.395
U0204,S0300,14,S3,2,33.363,False,72.239,72.239
U0204,S0300,15,S3,1,35.971,False,64.62,64.62
U0204,S0300,16,S3,2,36.54,False,81.464,81.464
U0204,S0300,17,S3,2,39.805,False,90.08,90.08
U0204,S0300,18,S3,1,23.599,False,74.496,74.496
U0204,S0300,19,S3,10,26.907,False,75.512,75.512
U0204,S0300,20,S3,1,38.85,False,75.765,75.765
U0204,S0400,1,S3,2,30.611,False,75.786,75.786
U0204,S0400,2,S3,1,30.472,False,57.82,57.82
U0204,S0400,3,S3,1,27.648,False,53.98,53.98
U0204,S0400,4,S3,3,40.598,False,89.54,89.54
U0204,S0400,5,S3,1,27.4,False,64.644,64.644
U0204,S0400,6,S3,1,36.335,False,63.802,63.802
U0204,S0400,7,S3,1,29.023,False,54.038,54.038
U0204,S0400,8,S3,1,32.697,False,60.149,60.149
U0204,S0400,9,S3,2,25.256,False,63.16,63.16
U0204,S0400,10,S3,3,28.274,False,86.24,86.24
U0204,S0400,11,S3,1,33.029,False,60.408,60.408
U0204,S0400,12,S3,1,28.624,False,56.694,56.694
U0204,S0400,13,S3,1,34.798,False,59.952,59.952
U0204,S0400,14,S3,2,29.884,False,75.362,75.362
U0204,S0400,15,S3,4,27.303,False,98.186,98.186
U0204,S0400,16,S3,1,35.394,False,59.808,60.738
U0204,S0400,17,S3,1,29.255,False,66.028,66.028
U0204,S0400,18,S3,4,23.236,False,89.553,89.553
U0204,S0400,19,S3,1,29.428,False,59.177,59.177
U0204,S0400,20,S3,1,34.829,False,69.644,69.644
U0204,S0500,1,S4,2,27.404,False,60.755,60.755
U0204,S0500,2,S4,2,27.791,False,77.312,77.312
U0204,S0500,3,S4,1,26.246,False,50.433,50.433
U0204,S0500,4,S4,2,27.739,False,60.607,60.607
U0204,S0500,5,S4,1,18.159,False,42.885,42.885
U0204,S0500,6,S4,2,32.064,False,69.427,69.427
U0204,S0500,7,S4,1,26.957,False,53.187,53.187
U0204,S0500,8,S4,2,23.73,False,52.751,52.751
U0204,S0500,9,S4,2,21.148,False,50.731,50.731
U0204,S0500,10,S4,2,29.719,False,70.449,70.449
U0204,S0500,11,S4,3,29.34,False,76.041,76.041
U0204,S0500,12,S4,3,33.752,False,77.936,77.936
U0204,S0500,13,S4,1,28.445,False,53.858,53.858
U0204,S0500,14,S4,3,25.043,False,74.3,74.3
U0204,S0500,15,S4,1,26.383,False,48.299,48.299
U0204,S0500,16,S4,1,26.659,False,50.494,50.494
U0204,S0500,17,S4,2,27.914,False,61.3,61.3
U0204,S0500,18,S4,1,26.795,False,51.677,51.677
U0204,S0500,19,S4,2,29.082,False,62.016,62.016
U0204,S0500,20,S4,2,37.098,False,86.972,86.972
U0205,S0100,1,S2,5,118.938,False,302.81,334.209
U0205,S0100,2,S2,1,49.768,False,104.054,104.054
U0205,S0100,3,S2,2,55.542,False,105.977,105.977
U0205,S0100,4,S2,3,47.13,False,109.586,109.586
U0205,S0100,5,S2,3,59.42,False,123.84,123.84
U0205,S0100,6,S2,1,67.122,False,105.69,112.126
U0205,S0100,7,S2,2,33.086,False,95.279,95.279
U0205,S0100,8,S2,1,48.472,False,90.515,90.515
U0205,S0100,9,S2,1,43.784,False,80.166,80.166
U0205,S0100,10,S2,1,41.251,False,76.341,76.341
U0205,S0100,11,S2,1,47.975,False,98.806,98.806
U0205,S0100,12,S2,2,40.228,False,87.624,87.624
U0205,S0100,13,S2,1,40.362,False,76.774,76.774
U0205,S0100,14,S2,1,48.631,False,86.643,86.643
U0205,S0100,15,S2,1,44.386,False,82.253,82.253
U0205,S0100,16,S2,3,45.905,False,101.117,101.117
U0205,S0100,17,S2,1,44.498,False,81.216,81.216
U0205,S0100,18,S2,1,47.581,False,84.664,84.664
U0205,S0100,19,S2,2,48.765,False,97.986,97.986
U0205,S0100,20,S2,4,46.107,False,116.563,119.893
U0205,S0200,1,S2,2,52.855,False,103.562,103.562
U0205,S0200,2,S2,4,47.716,False,115.591,115.591
U0205,S0200,3,S2,2,45.74,False,88.714,88.714
U0205,S0200,4,S2,1,46.636,False,80.559,80.559
U0205,S0200,5,S2,1,44.246,False,79.319,79.319
U0205,S0200,6,S2,1,46.659,False,76.345,76.345
U0205,S0200,7,S2,4,48.038,False,117.244,117.244
U0205,S0200,8,S2,2,48.634,False,113.907,121.304
U0205,S0200,9,S2,2,46.751,False,91.914,91.914
U0205,S0200,10,S2,4,51.989,False,117.643,117.643
U0205,S0200,11,S2,4,48.888,False,110.991,131.529
U0205,S0200,12,S2,4,45.165,False,111.508,111.508
U0205,S0200,13,S2,1,46.521,False,81.708,81.708
U0205,S0200,14,S2,1,47.945,False,90.397,90.397
U0205,S0200,15,S2,2,41.811,False,87.749,91.815
U0205,S0200,16,S2,1,44.085,False,77.361,77.361
U0205,S0200,17,S2,1,51.921,False,89.184,89.184
U0205,S0200,18,S2,1,48.308,False,84.036,84.036
U0205,S0200,19,S2,1,49.994,False,85.414,85.414
U0205,S0200,20,S2,2,40.692,False,90.466,90.466
U0205,S0300,1,S3,3,41.632,False,110.224,110.224
U0205,S0300,2,S3,3,46.156,False,104.734,104.734
U0205,S0300,3,S3,10,42.595,False,99.54,99.54
U0205,S0300,4,S3,1,46.333,False,80.24,80.24
U0205,S0300,5,S3,1,44.346,False,79.904,79.904
U0205,S0300,6,S3,2,41.77,False,91.289,91.289
U0205,S0300,7,S3,1,38.621,False,90.439,90.439
U0205,S0300,8,S3,4,48.556,False,125.853,125.853
U0205,S0300,9,S3,3,99.751,False,156.801,156.801
U0205,S0300,10,S3,1,43.245,False,75.294,75.294
U0205,S0300,11,S3,5,87.099,False,187.822,187.822
U0205,S0300,12,S3,1,39.663,False,79.23,79.23
U0205,S0300,13,S3,5,44.477,False,126.121,126.121
U0205,S0300,14,S3,1,33.125,False,80.253,80.253
U0205,S0300,15,S3,1,52.556,False,87.274,87.274
U0205,S0300,16,S3,3,59.195,False,111.79,111.79
U0205,S0300,17,S3,1,30.659,False,60.9,60.9
U0205,S0300,18,S3,3,35.689,False,86.766,86.766
U0205,S0300,19,S3,2,34.981,False,78.904,78.904
U0205,S0300,20,S3,1,37.446,False,76.603,76.603
U0205,S0400,1,S3,2,38.74,False,95.761,95.761
U0205,S0400,2,S3,1,32.952,False,62.593,62.593
U0205,S0400,3,S3,3,49.952,False,126.248,126.248
U0205,S0400,4,S3,2,39.649,False,88.025,88.025
U0205,S0400,5,S3,1,42.317,False,77.941,77.941
U0205,S0400,6,S3,2,58.238,False,102.508,109.15
U0205,S0400,7,S3,3,50.263,False,112.568,112.568
U0205,S0400,8,S3,2,49.27,False,97.234,97.234
U0205,S0400,9,S3,2,46.29,False,87.446,87.446
U0205,S0400,10,S3,1,33.717,False,70.09,70.09
U0205,S0400,11,S3,1,54.663,False,92.64,92.64
U0205,S0400,12,S3,2,38.996,False,81.326,81.326
U0205,S0400,13,S3,2,40.699,False,101.892,101.892
U0205,S0400,14,S3,1,43.708,False,73.377,73.377
U0205,S0400,15,S3,2,45.296,False,97.987,97.987
U0205,S0400,16,S3,1,27.7,False,60.992,60.992
U0205,S0400,17,S3,1,36.442,False,72.184,72.184
U0205,S0400,18,S3,1,37.038,False,70.153,70.153
U0205,S0400,19,S3,1,43.878,False,78.974,78.974
U0205,S0400,20,S3,3,58.267,False,113.724,113.724
U0205,S0500,1,S4,10,34.215,False,72.312,72.312
U0205,S0500,2,S4,2,36.88,False,74.997,74.997
U0205,S0500,3,S4,1,23.929,False,54.31,54.31
U0205,S0500,4,S4,3,28.431,False,81.117,81.117
U0205,S0500,5,S4,1,23.652,False,49.75,49.75
U0205,S0500,6,S4,2,33.054,False,87.835,87.835
U0205,S0500,7,S4,1,32.411,False,59.364,59.364
U0205,S0500,8,S4,2,32.571,False,69.019,69.019
U0205,S0500,9,S4,1,39.229,False,70.526,70.526
U0205,S0500,10,S4,2,45.05,False,85.744,85.744
U0205,S0500,11,S4,2,43.176,False,100.12,100.12
U0205,S0500,12,S4,3,42.259,False,97.055,97.055
U0205,S0500,13,S4,1,34.505,False,65.545,65.545
U0205,S0500,14,S4,4,36.917,False,86.034,86.034
U0205,S0500,15,S4,1,35.94,False,63.631,63.631
U0205,S0500,16,S4,1,27.308,False,51.967,51.967
U0205,S0500,17,S4,1,36.996,False,71.332,71.332
U0205,S0500,18,S4,1,37.136,False,64.508,64.508
U0205,S0500,19,S4,2,38.851,False,73.878,77.426
U0205,S0500,20,S4,4,34.904,False,105.174,105.174
U0206,S0100,1,S2,1,63.202,False,111.772,111.772
U0206,S0100,2,S2,1,54.04,False,96.988,96.988
U0206,S0100,3,S2,2,47.853,False,101.438,101.438
U0206,S0100,4,S2,3,46.493,False,112.263,112.263
U0206,S0100,5,S2,2,47.258,False,100.368,100.368
U0206,S0100,6,S2,1,42.921,False,84.238,84.238
U0206,S0100,7,S2,3,38.755,False,95.973,98.843
U0206,S0100,8,S2,3,58.503,False,118.108,118.108
U0206,S0100,9,S2,2,45.897,False,89.907,89.907
U0206,S0100,10,S2,1,50.659,False,90.302,90.302
U0206,S0100,11,S2,2,40.472,False,87.25,87.25
U0206,S0100,12,S2,1,43.105,False,79.545,79.545
U0206,S0100,13,S2,4,53.701,False,127.439,127.439
U0206,S0100,14,S2,4,72.663,False,146.505,148.063
U0206,S0100,15,S2,1,48.185,False,85.786,85.786
U0206,S0100,16,S2,1,43.85,False,79.356,79.356
U0206,S0100,17,S2,3,64.997,False,129.12,129.12
U0206,S0100,18,S2,1,47.384,False,88.173,88.173
U0206,S0100,19,S2,4,43.311,False,100.973,121.332
U0206,S0100,20,S2,2,64.379,False,123.15,123.15
U0206,S0200,1,S2,1,44.808,False,86.551,86.551
U0206,S0200,2,S2,1,43.123,False,77.566,77.566
U0206,S0200,3,S2,3,83.359,False,142.41,148.334
U0206,S0200,4,S2,3,45.598,False,100.106,100.106
U0206,S0200,5,S2,1,32.277,False,63.829,63.829
U0206,S0200,6,S2,1,37.442,False,74.946,76.025
U0206,S0200,7,S2,2,37.259,False,78.18,78.18
U0206,S0200,8,S2,1,47.521,False,122.527,144.59
U0206,S0200,9,S2,2,44.493,False,89.79,89.79
U0206,S0200,10,S2,1,39.232,False,68.932,70.086
U0206,S0200,11,S2,5,41.58,False,104.416,104.416
U0206,S0200,12,S2,1,34.499,False,64.772,65.847
U0206,S0200,13,S2,1,31.741,False,64.924,66.861
U0206,S0200,14,S2,5,50.301,False,136.76,136.76
U0206,S0200,15,S2,1,33.776,False,64.625,64.625
U0206,S0200,16,S2,1,31.957,False,64.521,65.562
U0206,S0200,17,S2,3,61.48,False,115.826,122.186
U0206,S0200,18,S2,2,49.02,False,88.765,89.845
U0206,S0200,19,S2,1,35.02,False,68.628,68.628
U0206,S0200,20,S2,1,27.7,False,66.056,66.056
U0206,S0300,1,S3,2,30.286,False,68.327,68.327
U0206,S0300,2,S3,3,39.023,False,85.31,85.31
U0206,S0300,3,S3,1,30.752,False,66.138,73.294
U0206,S0300,4,S3,1,24.752,False,55.815,57.964
U0206,S0300,5,S3,2,34.095,False,72.359,72.359
U0206,S0300,6,S3,1,31.919,False,60.831,60.831
U0206,S0300,7,S3,2,35.437,False,81.912,81.912
U0206,S0300,8,S3,1,34.019,False,64.141,69.862
U0206,S0300,9,S3,1,20.578,False,45.713,45.713
U0206,S0300,10,S3,1,38.232,False,73.811,73.811
U0206,S0300,11,S3,1,31.445,False,64.461,64.461
U0206,S0300,12,S3,1,41.76,False,69.314,69.314
U0206,S0300,13,S3,5,32.506,False,106.178,106.178
U0206,S0300,14,S3,1,29.171,False,61.506,61.506
U0206,S0300,15,S3,1,41.902,False,76.622,83.501
U0206,S0300,16,S3,1,32.138,False,63.837,63.837
U0206,S0300,17,S3,2,33.276,False,75.792,75.792
U0206,S0300,18,S3,1,37.605,False,66.555,66.555
U0206,S0300,19,S3,4,30.682,False,105.82,105.82
U0206,S0300,20,S3,1,35.052,False,69.125,71.574
U0206,S0400,1,S3,2,36.788,False,69.741,69.741
U0206,S0400,2,S3,1,34.071,False,61.96,69.699
U0206,S0400,3,S3,1,34.491,False,62.08,62.08
U0206,S0400,4,S3,2,43.358,False,86.982,86.982
U0206,S0400,5,S3,2,23.745,False,69.864,69.864
U0206,S0400,6,S3,1,30.985,False,53.784,53.784
U0206,S0400,7,S3,1,35.939,False,66.036,66.036
U0206,S0400,8,S3,1,37.737,False,69.756,72.158
U0206,S0400,9,S3,1,40.621,False,75.453,75.453
U0206,S0400,10,S3,1,37.789,False,69.687,69.687
U0206,S0400,11,S3,4,48.497,False,112.308,112.308
U0206,S0400,12,S3,2,41.451,False,85.914,85.914
U0206,S0400,13,S3,1,40.043,False,72.729,123.771
U0206,S0400,14,S3,1,40.929,False,74.096,74.096
U0206,S0400,15,S3,3,44.653,False,92.671,92.671
U0206,S0400,16,S3,1,37.114,False,78.828,78.828
U0206,S0400,17,S3,1,30.884,False,68.437,68.437
U0206,S0400,18,S3,2,44.647,False,79.908,81.541
U0206,S0400,19,S3,2,58.155,False,99.017,104.744
U0206,S0400,20,S3,1,33.489,False,77.795,77.795
U0206,S0500,1,S4,2,41.158,False,66.24,66.24
U0206,S0500,2,S4,1,34.004,False,59.94,59.94
U0206,S0500,3,S4,5,40.626,False,103.412,103.412
U0206,S0500,4,S4,5,41.35,False,92.395,92.395
U0206,S0500,5,S4,4,31.891,False,83.584,83.584
U0206,S0500,6,S4,4,38.92,False,97.303,97.303
U0206,S0500,7,S4,4,35.982,False,87.769,87.769
U0206,S0500,8,S4,1,30.264,False,59.219,59.219
U0206,S0500,9,S4,1,29.894,False,55.529,62.57
U0206,S0500,10,S4,5,41.966,False,107.984,107.984
U0206,S0500,11,S4,4,50.158,False,109.115,109.115
U0206,S0500,12,S4,1,42.593,False,75.824,75.824
U0206,S0500,13,S4,2,30.916,False,68.96,68.96
U0206,S0500,14,S4,2,27.15,False,68.886,68.886
U0206,S0500,15,S4,2,47.353,False,144.144,144.144
U0206,S0500,16,S4,1,45.629,False,86.045,86.045
U0206,S0500,17,S4,10,29.4,False,86.254,88.735
U0206,S0500,18,S4,4,34.833,False,92.531,92.531
U0206,S0500,19,S4,2,26.825,False,72.746,72.746
U0206,S0500,20,S4,1,38.375,False,71.223,71.223
U0207,S0100,1,S2,3,56.626,False,114.26,114.26
U0207,S0100,2,S2,1,46.72,False,91.307,91.307
U0207,S0100,3,S2,1,37.893,False,74.888,74.888
U0207,S0100,4,S2,4,56.863,False,149.199,149.199
U0207,S0100,5,S2,3,54.883,False,112.348,112.348
U0207,S0100,6,S2,3,42.082,False,89.472,89.472
U0207,S0100,7,S2,2,38.586,False,79.778,79.778
U0207,S0100,8,S2,1,35.5,False,66.219,66.219
U0207,S0100,9,S2,3,52.724,False,93.243,93.243
U0207,S0100,10,S2,3,49.537,False,97.713,97.713
U0207,S0100,11,S2,1,48.945,False,82.453,82.453
U0207,S0100,12,S2,1,39.075,False,72.292,72.292
U0207,S0100,13,S2,4,38.328,False,91.382,91.382
U0207,S0100,14,S2,2,36.067,False,72.013,72.013
U0207,S0100,15,S2,11,36.323,False,80.687,80.687
U0207,S0100,16,S2,3,43.65,False,91.726,91.726
U0207,S0100,17,S2,1,35.629,False,66.294,66.294
U0207,S0100,18,S2,2,45.681,False,87.56,87.56
U0207,S0100,19,S2,2,32.724,False,70.568,70.568
U0207,S0100,20,S2,1,45.603,False,82.061,82.061
U0207,S0200,1,S2,3,39.289,False,76.984,76.984
U0207,S0200,2,S2,1,44.939,False,77.11,77.11
U0207,S0200,3,S2,2,34.201,False,69.649,69.649
U0207,S0200,4,S2,3,31.413,False,67.987,67.987
U0207,S0200,5,S2,2,40.169,False,73.66,73.66
U0207,S0200,6,S2,5,41.418,False,98.744,101.044
U0207,S0200,7,S2,3,34.665,False,73.629,73.629
U0207,S0200,8,S2,2,31.485,False,63.678,63.678
U0207,S0200,9,S2,1,31.632,False,54.453,54.453
U0207,S0200,10,S2,1,37.307,False,62.291,62.291
U0207,S0200,11,S2,2,31.974,False,62.09,62.09
U0207,S0200,12,S2,1,29.357,False,56.798,56.798
U0207,S0200,13,S2,1,37.527,False,63.907,63.907
U0207,S0200,14,S2,2,24.072,False,62.744,62.744
U0207,S0200,15,S2,2,40.048,False,71.196,71.196
U0207,S0200,16,S2,2,35.571,False,65.208,65.208
U0207,S0200,17,S2,2,35.717,False,68.493,68.493
U0207,S0200,18,S2,2,41.784,False,76.959,76.959
U0207,S0200,19,S2,1,30.849,False,55.552,55.552
U0207,S0200,20,S2,3,38.727,False,87.1,87.1
U0207,S0300,1,S3,1,39.076,False,71.965,71.965
U0207,S0300,2,S3,2,37.849,False,82.447,82.447
U0207,S0300,3,S3,2,37.796,False,62.486,66.871
U0207,S0300,4,S3,2,35.828,False,90.076,90.076
U0207,S0300,5,S3,1,35.562,False,66.3,66.3
U0207,S0300,6,S3,3,38.486,False,76.933,76.933
U0207,S0300,7,S3,1,19.668,False,44.013,44.013
U0207,S0300,8,S3,2,45.449,False,77.397,77.397
U0207,S0300,9,S3,3,32.466,False,79.483,79.483
U0207,S0300,11,S3,3,72.425,False,147.818,147.818
U0207,S0300,12,S3,3,36.12,False,91.749,91.749
U0207,S0300,13,S3,1,31.761,False,55.603,55.603
U0207,S0300,14,S3,2,29.131,False,70.806,70.806
U0207,S0300,15,S3,1,29.848,False,52.2,52.2
U0207,S0300,16,S3,2,40.455,False,67.698,67.698
U0207,S0300,17,S3,1,26.516,False,51.206,51.206
U0207,S0300,18,S3,5,45.29,False,104.99,104.99
U0207,S0300,19,S3,2,27.668,False,61.277,61.277
U0207,S0300,20,S3,1,32.718,False,72.073,72.073
U0207,S0400,1,S3,1,43.542,False,82.151,82.151
U0207,S0400,2,S3,2,30.29,False,65.224,65.224
U0207,S0400,3,S3,3,33.196,False,84.582,84.582
U0207,S0400,4,S3,1,20.876,False,49.429,49.429
U0207,S0400,5,S3,1,35.5,False,65.28,65.28
U0207,S0400,6,S3,1,35.871,False,64.221,64.221
U0207,S0400,7,S3,1,27.841,False,56.96,56.96
U0207,S0400,8,S3,3,33.265,False,73.1,73.1
U0207,S0400,9,S3,1,37.017,False,61.767,61.767
U0207,S0400,10,S3,1,21.197,False,45.157,45.157
U0207,S0400,11,S3,1,33.063,False,61.768,61.768
U0207,S0400,12,S3,2,28.741,False,64.766,64.766
U0207,S0400,13,S3,5,45.765,False,106.316,106.316
U0207,S0400,14,S3,2,25.914,False,57.593,57.593
U0207,S0400,15,S3,2,29.145,False,59.468,59.468
U0207,S0400,16,S3,2,32.704,False,74.459,74.459
U0207,S0400,17,S3,2,30.937,False,62.3,62.3
U0207,S0400,18,S3,4,32.892,False,87.826,87.826
U0207,S0400,19,S3,5,35.311,False,96.848,96.848
U0207,S0400,20,S3,2,29.695,False,72.918,72.918
U0207,S0500,1,S4,1,32.392,False,58.773,58.773
U0207,S0500,2,S4,2,28.776,False,72.153,72.153
U0207,S0500,3,S4,1,26.472,False,52.348,52.348
U0207,S0500,4,S4,1,29.324,False,52.022,52.022
U0207,S0500,5,S4,5,30.123,False,86.181,86.181
U0207,S0500,6,S4,2,30.862,False,61.703,61.703
U0207,S0500,7,S4,1,31.645,False,58.806,58.806
U0207,S0500,8,S4,3,41.737,False,84.011,84.011
U0207,S0500,9,S4,2,37.423,False,78.816,78.816
U0207,S0500,10,S4,1,28.999,False,50.238,50.238
U0207,S0500,11,S4,1,32.695,False,59.249,59.249
U0207,S0500,12,S4,1,22.923,False,49.033,49.033
U0207,S0500,13,S4,3,21.608,False,59.483,59.483
U0207,S0500,14,S4,1,35.928,False,60.666,60.666
U0207,S0500,15,S4,1,27.626,False,50.787,50.787
U0207,S0500,16,S4,1,41.956,False,71.355,71.355
U0207,S0500,17,S4,1,22.568,False,47.39,47.39
U0207,S0500,18,S4,2,31.918,False,61.676,61.676
U0207,S0500,19,S4,1,32.697,False,54.483,54.483
U0207,S0500,20,S4,2,28.025,False,75.965,75.965
U0208,S0100,1,S2,1,68.611,False,116.446,116.446
U0208,S0100,2,S2,13,71.143,False,149.469,149.469
U0208,S0100,3,S2,1,50.705,False,91.463,91.463
U0208,S0100,4,S2,5,41.912,False,117.554,117.554
U0208,S0100,5,S2,1,44.367,False,75.744,75.744
U0208,S0100,6,S2,1,47.344,False,80.499,80.499
U0208,S0100,7,S2,4,55.881,False,115.74,115.74
U0208,S0100,8,S2,2,53.684,False,90.823,90.823
U0208,S0100,9,S2,2,44.923,False,86.852,86.852
U0208,S0100,10,S2,1,48.344,False,78.962,78.962
U0208,S0100,11,S2,3,55.614,False,105.604,105.604
U0208,S0100,12,S2,4,41.161,False,99.639,99.639
U0208,S0100,13,S2,1,42.222,False,82.261,82.261
U0208,S0100,14,S2,2,39.296,False,86.419,86.419
U0208,S0100,15,S2,1,34.475,False,68.611,68.611
U0208,S0100,16,S2,2,57.85,False,100.077,100.077
U0208,S0100,17,S2,2,43.949,False,80.675,80.675
U0208,S0100,18,S2,3,55.368,False,102.001,102.001
U0208,S0100,19,S2,3,40.288,False,94.405,94.405
U0208,S0100,20,S2,2,42.857,False,92.131,92.131
U0208,S0200,1,S2,1,36.877,False,66.636,66.636
U0208,S0200,2,S2,5,46.243,False,120.217,120.217
U0208,S0200,3,S2,1,30.303,False,63.374,63.374
U0208,S0200,4,S2,2,35.368,False,70.28,70.28
U0208,S0200,5,S2,3,74.871,False,123.104,123.104
U0208,S0200,6,S2,2,46.475,False,91.195,91.195
U0208,S0200,7,S2,11,33.3,False,77.427,77.427
U0208,S0200,8,S2,1,39.746,False,69.424,69.424
U0208,S0200,9,S2,1,35.732,False,63.106,63.106
U0208,S0200,10,S2,3,41.209,False,87.979,87.979
U0208,S0200,11,S2,1,39.644,False,68.856,68.856
U0208,S0200,12,S2,1,35.095,False,63.633,63.633
U0208,S0200,13,S2,2,52.488,False,99.719,99.719
U0208,S0200,14,S2,1,43.098,False,77.384,77.384
U0208,S0200,15,S2,1,64.119,False,95.699,95.699
U0208,S0200,16,S2,1,47.349,False,78.1,78.1
U0208,S0200,17,S2,3,47.002,False,96.693,96.693
U0208,S0200,18,S2,2,60.422,False,108.313,108.313
U0208,S0200,19,S2,1,34.778,False,69.718,69.718
U0208,S0200,20,S2,1,36.81,False,69.246,69.246
U0208,S0300,1,S3,6,34.883,False,106.792,106.792
U0208,S0300,2,S3,3,38.678,False,82.753,82.753
U0208,S0300,3,S3,1,43.059,False,68.73,68.73
U0208,S0300,4,S3,3,39.728,False,83.148,83.148
U0208,S0300,5,S3,1,41.668,False,83.018,83.018
U0208,S0300,6,S3,2,31.655,False,70.539,70.539
U0208,S0300,7,S3,4,40.121,False,95.8,95.8
U0208,S0300,8,S3,4,37.697,False,95.72,95.72
U0208,S0300,9,S3,1,33.732,False,62.971,62.971
U0208,S0300,10,S3,2,61.031,False,100.359,100.359
U0208,S0300,11,S3,1,40.843,False,73.175,73.175
U0208,S0300,12,S3,2,43.83,False,85.82,85.82
U0208,S0300,13,S3,1,40.862,False,74.32,74.32
U0208,S0300,14,S3,11,33.665,False,87.66,87.66
U0208,S0300,15,S3,1,33.203,False,64.203,64.203
U0208,S0300,16,S3,1,37.411,False,81.369,81.369
U0208,S0300,17,S3,1,46.326,False,76.522,76.522
U0208,S0300,18,S3,1,39.433,False,71.924,71.924
U0208,S0300,19,S3,2,40.918,False,78.512,78.512
U0208,S0300,20,S3,1,38.691,False,78.498,78.498
U0208,S0400,1,S3,1,32.872,False,80.144,80.144
U0208,S0400,2,S3,3,47.083,False,94.968,94.968
U0208,S0400,3,S3,5,32.714,False,100.846,100.846
U0208,S0400,4,S3,1,35.169,False,62.946,62.946
U0208,S0400,5,S3,1,53.557,False,79.726,79.726
U0208,S0400,6,S3,3,25.414,False,82.196,82.196
U0208,S0400,7,S3,2,36.658,False,70.932,70.932
U0208,S0400,8,S3,1,33.448,False,94.885,94.885
U0208,S0400,9,S3,1,33.769,False,66.315,66.315
U0208,S0400,10,S3,3,34.112,False,102.968,102.968
U0208,S0400,11,S3,4,37.539,False,93.738,93.738
U0208,S0400,12,S3,3,53.367,False,99.607,99.607
U0208,S0400,13,S3,1,36.625,False,69.113,69.113
U0208,S0400,14,S3,11,31.075,False,81.227,81.227
U0208,S0400,15,S3,5,27.489,False,92.613,92.613
U0208,S0400,16,S3,1,37.743,False,67.844,67.844
U0208,S0400,17,S3,2,27.816,False,62.231,62.231
U0208,S0400,18,S3,1,29.466,False,63.145,63.145
U0208,S0400,19,S3,2,29.177,False,84.327,84.327
U0208,S0400,20,S3,4,29.272,False,84.521,84.521
U0208,S0500,1,S4,1,36.158,False,60.774,60.774
U0208,S0500,2,S4,5,32.199,False,82.097,82.097
U0208,S0500,3,S4,1,20.59,False,43.638,43.638
U0208,S0500,4,S4,3,36.921,False,77.278,77.278
U0208,S0500,5,S4,1,21.333,False,47.936,47.936
U0208,S0500,6,S4,3,35.501,False,73.904,73.904
U0208,S0500,7,S4,1,29.206,False,65.373,65.373
U0208,S0500,8,S4,2,17.625,False,50.768,50.768
U0208,S0500,9,S4,2,37.532,False,76.657,76.657
U0208,S0500,10,S4,2,28.809,False,59.996,59.996
U0208,S0500,11,S4,1,29.58,False,53.168,53.168
U0208,S0500,12,S4,1,28.677,False,57.379,57.379
U0208,S0500,13,S4,1,42.694,False,71.139,71.139
U0208,S0500,14,S4,2,26.19,False,55.122,55.122
U0208,S0500,15,S4,3,29.437,False,60.104,60.104
U0208,S0500,16,S4,1,20.541,False,49.39,49.39
U0208,S0500,17,S4,1,26.049,False,48.91,48.91
U0208,S0500,18,S4,2,35.475,False,67.014,67.014
U0208,S0500,19,S4,1,32.68,False,58.756,58.756
U0208,S0500,20,S4,1,31.29,False,64.791,64.791
U0209,S0100,1,S2,2,69.667,False,117.605,117.605
U0209,S0100,2,S2,1,57.274,False,103.835,103.835
U0209,S0100,3,S2,2,62.478,False,111.096,111.096
U0209,S0100,4,S2,1,95.434,False,138.338,138.338
U0209,S0100,5,S2,2,97.626,False,148.0,148.0
U0209,S0100,6,S2,2,72.664,False,126.263,126.263
U0209,S0100,7,S2,1,54.145,False,92.444,92.444
U0209,S0100,8,S2,1,55.062,False,90.067,90.067
U0209,S0100,9,S2,3,65.792,False,123.743,123.743
U0209,S0100,10,S2,2,67.289,False,134.644,134.644
U0209,S0100,11,S2,1,55.464,False,98.883,98.883
U0209,S0100,12,S2,1,55.421,False,91.754,91.754
U0209,S0100,13,S2,1,55.557,False,84.411,84.411
U0209,S0100,14,S2,2,48.549,False,98.501,98.501
U0209,S0100,15,S2,1,67.018,False,101.069,101.069
U0209,S0100,16,S2,5,84.38,False,166.071,166.071
U0209,S0100,17,S2,1,65.691,False,99.578,99.578
U0209,S0100,18,S2,1,60.556,False,95.164,95.164
U0209,S0100,19,S2,2,45.012,False,82.438,82.438
U0209,S0100,20,S2,2,61.407,False,112.908,112.908
U0209,S0200,1,S2,1,46.438,False,72.624,72.624
U0209,S0200,2,S2,1,47.362,False,76.843,76.843
U0209,S0200,3,S2,10,43.532,False,97.027,108.12
U0209,S0200,4,S2,2,43.475,False,83.433,83.433
U0209,S0200,5,S2,2,46.194,False,88.77,92.572
U0209,S0200,6,S2,2,45.696,False,81.166,81.166
U0209,S0200,7,S2,1,53.8,False,91.128,91.128
U0209,S0200,8,S2,1,44.24,False,78.136,78.136
U0209,S0200,9,S2,2,47.507,False,88.365,88.365
U0209,S0200,10,S2,2,45.188,False,84.34,93.912
U0209,S0200,11,S2,1,53.84,False,84.44,84.44
U0209,S0200,12,S2,4,49.507,False,127.197,127.197
U0209,S0200,13,S2,1,52.547,False,82.556,82.556
U0209,S0200,14,S2,1,45.339,False,75.025,80.975
U0209,S0200,15,S2,1,40.282,False,72.359,72.359
U0209,S0200,16,S2,2,48.529,False,91.913,91.913
U0209,S0200,17,S2,1,39.666,False,68.683,68.683
U0209,S0200,18,S2,4,40.063,False,94.784,94.784
U0209,S0200,19,S2,2,36.33,False,70.693,70.693
U0209,S0200,20,S2,5,53.213,False,136.331,136.331
U0209,S0300,1,S3,1,45.222,False,85.384,85.384
U0209,S0300,2,S3,2,43.131,False,87.427,87.427
U0209,S0300,3,S3,2,66.939,False,102.097,102.097
U0209,S0300,4,S3,1,49.374,False,79.6,79.6
U0209,S0300,5,S3,2,48.096,False,85.286,85.286
U0209,S0300,6,S3,1,43.813,False,74.607,74.607
U0209,S0300,7,S3,1,27.033,False,54.04,54.04
U0209,S0300,8,S3,2,38.549,False,74.155,74.155
U0209,S0300,9,S3,3,50.343,False,96.846,96.846
U0209,S0300,10,S3,2,51.606,False,92.378,92.378
U0209,S0300,11,S3,1,41.749,False,70.127,72.842
U0209,S0300,12,S3,1,40.691,False,81.546,81.546
U0209,S0300,13,S3,2,38.069,False,98.171,98.171
U0209,S0300,14,S3,2,46.165,False,82.902,82.902
U0209,S0300,15,S3,3,55.606,False,105.125,110.384
U0209,S0300,16,S3,1,64.955,False,100.875,100.875
U0209,S0300,17,S3,2,42.55,False,95.684,95.684
U0209,S0300,18,S3,2,48.757,False,86.364,86.364
U0209,S0300,19,S3,2,54.271,False,96.234,96.234
U0209,S0300,20,S3,2,35.505,False,77.535,77.535
U0209,S0400,1,S3,3,50.424,False,104.794,104.794
U0209,S0400,2,S3,4,47.688,False,127.654,127.654
U0209,S0400,3,S3,2,40.15,False,93.888,93.888
U0209,S0400,4,S3,1,36.411,False,57.728,57.728
U0209,S0400,5,S3,2,47.415,False,92.623,92.623
U0209,S0400,6,S3,5,50.483,False,105.044,105.044
U0209,S0400,7,S3,5,79.02,False,146.33,146.33
U0209,S0400,8,S3,3,46.76,False,94.307,94.307
U0209,S0400,9,S3,1,35.227,False,67.644,67.644
U0209,S0400,10,S3,2,59.237,False,95.413,95.413
U0209,S0400,11,S3,2,45.998,False,95.372,95.372
U0209,S0400,12,S3,2,42.172,False,79.317,79.317
U0209,S0400,13,S3,1,25.409,False,53.34,53.34
U0209,S0400,14,S3,1,36.974,False,69.487,69.487
U0209,S0400,15,S3,1,41.427,False,75.1,75.1
U0209,S0400,16,S3,4,44.178,False,104.992,104.992
U0209,S0400,17,S3,2,33.122,False,85.568,85.568
U0209,S0400,18,S3,1,35.999,False,64.431,64.431
U0209,S0400,19,S3,2,47.057,False,86.362,86.362
U0209,S0400,20,S3,1,38.562,False,71.63,71.63
U0209,S0500,1,S4,5,28.381,False,91.11,91.11
U0209,S0500,2,S4,1,43.009,False,73.443,73.443
U0209,S0500,3,S4,4,42.713,False,90.624,90.624
U0209,S0500,4,S4,1,27.249,False,62.912,62.912
U0209,S0500,5,S4,2,35.23,False,81.89,81.89
U0209,S0500,6,S4,1,20.414,False,42.371,42.371
U0209,S0500,7,S4,1,39.201,False,69.079,71.877
U0209,S0500,8,S4,2,44.596,False,71.153,76.563
U0209,S0500,9,S4,1,41.372,False,71.625,74.309
U0209,S0500,10,S4,1,50.205,False,79.619,79.619
U0209,S0500,11,S4,1,35.77,False,58.296,58.296
U0209,S0500,12,S4,1,32.914,False,58.288,58.288
U0209,S0500,13,S4,1,35.798,False,60.035,60.035
U0209,S0500,14,S4,3,31.953,False,72.523,76.229
U0209,S0500,15,S4,4,32.013,False,86.299,86.299
U0209,S0500,16,S4,1,34.64,False,54.282,54.282
U0209,S0500,17,S4,1,42.71,False,69.17,69.17
U0209,S0500,18,S4,3,38.339,False,86.585,86.585
U0209,S0500,19,S4,1,28.546,False,53.407,53.407
U0209,S0500,20,S4,1,27.185,False,59.461,59.461
U0210,S0100,1,S2,2,43.031,False,85.62,85.62
U0210,S0100,2,S2,3,57.665,False,113.042,113.042
U0210,S0100,3,S2,2,39.413,False,86.92,86.92
U0210,S0100,4,S2,4,34.222,False,92.496,92.496
U0210,S0100,5,S2,3,51.531,False,106.384,106.384
U0210,S0100,6,S2,12,67.203,False,118.858,118.858
U0210,S0100,7,S2,1,35.265,False,67.627,67.627
U0210,S0100,8,S2,3,46.192,False,95.093,95.093
U0210,S0100,9,S2,1,44.007,False,77.967,77.967
U0210,S0100,10,S2,1,38.569,False,72.239,72.239
U0210,S0100,11,S2,3,54.487,False,107.308,107.308
U0210,S0100,12,S2,1,50.478,False,82.3,82.3
U0210,S0100,13,S2,2,44.196,False,84.5,84.5
U0210,S0100,14,S2,1,35.601,False,64.566,64.566
U0210,S0100,15,S2,1,37.712,False,67.24,67.24
U0210,S0100,16,S2,1,43.788,False,73.074,73.074
U0210,S0100,17,S2,1,38.22,False,65.56,67.366
U0210,S0100,18,S2,1,46.84,False,76.302,76.302
U0210,S0100,19,S2,1,43.637,False,76.192,76.192
U0210,S0100,20,S2,1,36.11,False,69.741,69.741
U0210,S0200,1,S2,1,36.64,False,67.035,67.035
U0210,S0200,2,S2,1,45.602,False,75.871,75.871
U0210,S0200,3,S2,12,58.314,False,108.562,108.562
U0210,S0200,4,S2,3,51.61,False,106.97,106.97
U0210,S0200,5,S2,1,45.038,False,74.775,74.775
U0210,S0200,6,S2,2,35.014,False,71.158,71.158
U0210,S0200,7,S2,1,36.109,False,62.927,62.927
U0210,S0200,8,S2,1,40.591,False,67.872,67.872
U0210,S0200,9,S2,1,31.164,False,60.935,60.935
U0210,S0200,10,S2,2,50.452,False,86.624,86.624
U0210,S0200,11,S2,1,35.429,False,65.252,65.252
U0210,S0200,12,S2,2,36.625,False,74.293,74.293
U0210,S0200,13,S2,1,38.761,False,66.551,69.508
U0210,S0200,14,S2,2,49.46,False,84.906,84.906
U0210,S0200,15,S2,1,43.872,False,77.403,77.403
U0210,S0200,16,S2,1,43.871,False,75.068,75.068
U0210,S0200,17,S2,4,39.616,False,93.772,95.822
U0210,S0200,18,S2,1,39.53,False,69.935,69.935
U0210,S0200,19,S2,1,37.908,False,68.277,68.277
U0210,S0200,20,S2,2,36.283,False,77.968,77.968
U0210,S0300,1,S3,4,35.569,False,113.928,113.928
U0210,S0300,2,S3,3,36.629,False,86.972,86.972
U0210,S0300,3,S3,2,47.612,False,103.977,103.977
U0210,S0300,4,S3,3,47.538,False,101.217,101.217
U0210,S0300,5,S3,4,46.848,False,113.513,113.513
U0210,S0300,6,S3,2,44.649,False,88.813,88.813
U0210,S0300,7,S3,1,38.667,False,65.091,65.091
U0210,S0300,8,S3,3,37.958,False,82.388,82.388
U0210,S0300,9,S3,1,42.301,False,71.147,71.147
U0210,S0300,10,S3,3,38.462,False,82.786,82.786
U0210,S0300,11,S3,2,34.903,False,75.981,75.981
U0210,S0300,12,S3,1,41.947,False,73.738,73.738
U0210,S0300,13,S3,5,56.482,False,126.641,126.641
U0210,S0300,14,S3,1,34.474,False,66.34,66.34
U0210,S0300,15,S3,5,39.487,False,115.33,115.33
U0210,S0300,16,S3,2,32.443,False,67.01,67.01
U0210,S0300,17,S3,1,49.158,False,77.762,77.762
U0210,S0300,18,S3,1,24.747,False,68.414,68.414
U0210,S0300,19,S3,3,45.991,False,95.31,95.31
U0210,S0300,20,S3,2,34.213,False,77.502,77.502
U0210,S0400,1,S3,2,66.236,False,113.637,113.637
U0210,S0400,2,S3,2,38.145,False,106.985,106.985
U0210,S0400,3,S3,2,31.726,False,78.119,78.119
U0210,S0400,4,S3,1,28.036,False,58.452,58.452
U0210,S0400,5,S3,1,42.425,False,71.203,71.203
U0210,S0400,6,S3,2,38.888,False,76.399,76.399
U0210,S0400,7,S3,4,30.634,False,88.867,88.867
U0210,S0400,8,S3,1,31.717,False,61.152,61.152
U0210,S0400,9,S3,1,27.374,False,56.459,56.459
U0210,S0400,10,S3,2,45.711,False,76.601,76.601
U0210,S0400,11,S3,1,34.518,False,64.692,64.692
U0210,S0400,12,S3,2,36.167,False,68.824,68.824
U0210,S0400,13,S3,2,53.717,False,92.318,92.318
U0210,S0400,14,S3,1,43.266,False,72.886,72.886
U0210,S0400,15,S3,1,33.136,False,84.183,84.183
U0210,S0400,16,S3,3,31.925,False,79.405,79.405
U0210,S0400,17,S3,3,52.131,False,119.815,119.815
U0210,S0400,18,S3,1,36.091,False,64.473,64.473
U0210,S0400,19,S3,3,40.896,False,80.435,80.435
U0210,S0400,20,S3,1,30.047,False,62.055,62.055
U0210,S0500,1,S4,1,31.277,False,56.907,58.825
U0210,S0500,2,S4,2,27.7,False,66.17,66.17
U0210,S0500,3,S4,1,27.357,False,52.822,52.822
U0210,S0500,4,S4,3,30.921,False,81.221,81.221
U0210,S0500,5,S4,2,19.974,False,46.08,46.08
U0210,S0500,6,S4,2,34.741,False,72.374,72.374
U0210,S0500,7,S4,1,29.909,False,54.237,54.237
U0210,S0500,8,S4,2,32.309,False,62.749,62.749
U0210,S0500,9,S4,1,34.604,False,58.683,58.683
U0210,S0500,10,S4,1,34.792,False,58.685,58.685
U0210,S0500,11,S4,2,71.573,False,138.355,138.355
U0210,S0500,13,S4,1,32.462,False,78.827,78.827
U0210,S0500,14,S4,1,29.619,False,59.136,59.136
U0210,S0500,15,S4,1,27.852,False,56.043,56.043
U0210,S0500,16,S4,1,37.596,False,60.537,62.7
U0210,S0500,17,S4,1,30.621,False,57.096,57.096
U0210,S0500,18,S4,1,20.551,False,59.014,59.014
U0210,S0500,19,S4,3,43.854,False,89.362,89.362
U0210,S0500,20,S4,3,31.145,False,73.574,73.574
