reason,code,description,rows
nonstandard_code_review,POST,POSTAGE,1851
nonstandard_code_review,DOT,DOTCOM POSTAGE,1420
nonstandard_code_review,M,Manual,863
nonstandard_code_review,C2,CARRIAGE,267
nonstandard_code_review,BANK CHARGES,Bank Charges,32
nonstandard_code_review,DCGS0058,MISO PRETTY  GUM,30
nonstandard_code_review,gift_0001_20,Dotcomgiftshop Gift Voucher £20.00,26
nonstandard_code_review,gift_0001_30,Dotcomgiftshop Gift Voucher £30.00,24
nonstandard_code_review,DCGSSGIRL,GIRLS PARTY BAG,23
nonstandard_code_review,DCGSSBOY,BOYS PARTY BAG,21
nonstandard_code_review,ADJUST,Adjustment by john on 26/01/2010 16,20
nonstandard_code_review,PADS,PADS TO MATCH ALL CUSHIONS,18
nonstandard_code_review,ADJUST,Adjustment by john on 26/01/2010 17,16
nonstandard_code_review,DCGS0076,SUNJAR LED NIGHT NIGHT LIGHT,14
nonstandard_code_review,gift_0001_10,Dotcomgiftshop Gift Voucher £10.00,14
nonstandard_code_review,DCGS0003,BOXED GLASS ASHTRAY,13
nonstandard_code_review,TEST001,This is a test product.,11
missing_description_review,79321,None,9
missing_description_review,84990,None,9
missing_description_review,35965,None,9
missing_description_review,22950,None,8
missing_description_review,23084,None,8
missing_description_review,22139,None,7
nonstandard_code_review,POST,None,7
missing_description_review,84795D,None,7
missing_description_review,22084,None,7
nonstandard_code_review,gift_0001_50,Dotcomgiftshop Gift Voucher £50.00,6
missing_description_review,71477,None,6
missing_description_review,20747,None,6
nonstandard_code_review,B,Adjust bad debt,6
missing_description_review,22087,None,6
missing_description_review,22689,None,6
missing_description_review,35400,None,6
missing_description_review,21478,None,5
missing_description_review,90002A,None,5
missing_description_review,72803B,None,5
nonstandard_code_review,gift_0001_30,None,5
nonstandard_code_review,m,Manual,5
missing_description_review,90084,None,5
missing_description_review,35970,None,5
nonstandard_code_review,DCGS0069,OOH LA LA DOGS COLLAR,5
missing_description_review,22528,None,5
nonstandard_code_review,D,Discount,5
missing_description_review,84247E,None,5
missing_description_review,84510B,None,5
missing_description_review,84977,None,5
nonstandard_code_review,gift_0001_40,Dotcomgiftshop Gift Voucher £40.00,5
missing_description_review,23348,None,5
nonstandard_code_review,DCGS0004,HAYNES CAMPER SHOULDER BAG,4
missing_description_review,37446,None,4
missing_description_review,84922,None,4
missing_description_review,84921,None,4
missing_description_review,21915,None,4
missing_description_review,37509,None,4
missing_description_review,21340,None,4
missing_description_review,84030B,None,4
missing_description_review,21984,None,4
missing_description_review,20731,None,4
missing_description_review,84467,None,4
missing_description_review,37461,None,4
missing_description_review,21357,None,4
missing_description_review,22467,None,4
missing_description_review,47591C,None,4
missing_description_review,22621,None,4
missing_description_review,21690,None,4
missing_description_review,22171,None,4
missing_description_review,22302,None,4
missing_description_review,20713,None,4
missing_description_review,85065,None,4
missing_description_review,20734,None,4
missing_description_review,22469,None,4
missing_description_review,22734,None,4
missing_description_review,22501,None,4
missing_description_review,22866,None,4
missing_description_review,22451,None,4
missing_description_review,22502,None,4
missing_description_review,21067,None,4
missing_description_review,84292,None,3
missing_description_review,21166,None,3
missing_description_review,84347,None,3
nonstandard_code_review,DCGS0072,CAT CAMOUFLAGUE COLLAR,3
nonstandard_code_review,C2,None,3
missing_description_review,47503F,None,3
missing_description_review,72045D,None,3
missing_description_review,72756,None,3
missing_description_review,22144,None,3
missing_description_review,84029D,None,3
missing_description_review,21169,None,3
missing_description_review,84803B,None,3
missing_description_review,85018C,None,3
missing_description_review,20973,None,3
missing_description_review,90091,None,3
missing_description_review,21477,None,3
missing_description_review,72796A,None,3
missing_description_review,84227,None,3
missing_description_review,16207A,None,3
missing_description_review,20804,None,3
missing_description_review,84845C,None,3
missing_description_review,77079,None,3
missing_description_review,21095,None,3
missing_description_review,84219,None,3
missing_description_review,22125,None,3
missing_description_review,84746,None,3
missing_description_review,22719,None,3
missing_description_review,22429,None,3
nonstandard_code_review,S,SAMPLES,3
missing_description_review,84670,None,3
missing_description_review,21145,None,3
missing_description_review,21928,None,3
missing_description_review,35240,None,3
missing_description_review,37441,None,3
missing_description_review,84497,None,3
missing_description_review,90104,None,3
missing_description_review,37479B,None,3
missing_description_review,84873A,None,3
missing_description_review,21736,None,3
nonstandard_code_review,ADJUST2,Adjustment by Peter on Jun 25 2010 ,3
missing_description_review,21768,None,3
missing_description_review,22655,None,3
missing_description_review,21924,None,3
missing_description_review,22607,None,3
missing_description_review,82597,None,3
missing_description_review,22143,None,3
missing_description_review,22910,None,3
missing_description_review,51008,None,3
missing_description_review,17165D,None,3
missing_description_review,84247C,None,3
missing_description_review,21268,None,3
missing_description_review,85214,None,3
nonstandard_code_review,AMAZONFEE,AMAZON FEE,3
missing_description_review,22145,None,3
missing_description_review,85232B,None,3
missing_description_review,21614,None,3
missing_description_review,21661,None,3
missing_description_review,22444,None,3
missing_description_review,21445,None,3
missing_description_review,35914,None,3
missing_description_review,37444A,None,3
missing_description_review,79164,None,3
missing_description_review,21784,None,3
missing_description_review,82583,None,3
missing_description_review,84944,None,3
missing_description_review,21868,None,3
missing_description_review,21033,None,3
missing_description_review,23284,None,3
missing_description_review,22062,None,3
missing_description_review,22570,None,3
missing_description_review,23268,None,3
missing_description_review,22812,None,3
nonstandard_code_review,DCGS0068,DOGS NIGHT COLLAR,2
missing_description_review,21350,None,2
missing_description_review,72008,None,2
nonstandard_code_review,BANK CHARGES, Bank Charges,2
missing_description_review,85185F,None,2
missing_description_review,20879,None,2
missing_description_review,35980C,None,2
missing_description_review,22174,None,2
nonstandard_code_review,gift_0001_80,None,2
missing_description_review,16161C,None,2
missing_description_review,84249D,None,2
missing_description_review,17164B,None,2
missing_description_review,84247H,None,2
missing_description_review,84199,None,2
missing_description_review,37485,None,2
missing_description_review,20736,None,2
missing_description_review,22197,None,2
missing_description_review,20668,None,2
missing_description_review,20952,None,2
missing_description_review,21560,None,2
missing_description_review,35603B,None,2
missing_description_review,79163,None,2
missing_description_review,84251C,None,2
missing_description_review,20621,None,2
missing_description_review,22141,None,2
missing_description_review,44091C,None,2
missing_description_review,20887,None,2
missing_description_review,46307,None,2
missing_description_review,84247N,None,2
missing_description_review,37451,None,2
missing_description_review,21767,None,2
missing_description_review,84255A,None,2
missing_description_review,37468,None,2
nonstandard_code_review,DCGS0066N,NAVY CUDDLES DOG HOODIE,2
nonstandard_code_review,DCGS0066N,None,2
missing_description_review,84972L,None,2
missing_description_review,72785A,None,2
missing_description_review,84945,None,2
missing_description_review,84757,None,2
missing_description_review,37492C,None,2
missing_description_review,90121B,None,2
missing_description_review,21479,None,2
missing_description_review,84855,None,2
missing_description_review,85232C,None,2
missing_description_review,90082C,None,2
missing_description_review,17129D,None,2
missing_description_review,84925D,None,2
missing_description_review,20913,None,2
missing_description_review,84795E,None,2
missing_description_review,46000P,None,2
missing_description_review,72789,None,2
missing_description_review,21914,None,2
missing_description_review,18097B,None,2
missing_description_review,84288B,None,2
missing_description_review,21551,None,2
missing_description_review,85023A,None,2
missing_description_review,84292B,None,2
missing_description_review,22657,None,2
nonstandard_code_review,gift_0001_50,None,2
nonstandard_code_review,gift_0001_40,None,2
nonstandard_code_review,gift_0001_60,None,2
nonstandard_code_review,gift_0001_70,None,2
missing_description_review,22016,None,2
nonstandard_code_review,gift_0001_90,None,2
missing_description_review,84925A,None,2
missing_description_review,21967,None,2
missing_description_review,21098,None,2
missing_description_review,22058,None,2
missing_description_review,72799A,None,2
missing_description_review,20899,None,2
missing_description_review,35001B,None,2
missing_description_review,20672,None,2
missing_description_review,16207B,None,2
missing_description_review,21387,None,2
missing_description_review,20849,None,2
missing_description_review,20774,None,2
missing_description_review,90111,None,2
missing_description_review,21623,None,2
missing_description_review,72750C,None,2
missing_description_review,82613A,None,2
missing_description_review,37502,None,2
missing_description_review,84427B,None,2
missing_description_review,20989,None,2
missing_description_review,21255,None,2
missing_description_review,85053,None,2
missing_description_review,21752,None,2
missing_description_review,21384,None,2
missing_description_review,48195,None,2
nonstandard_code_review,DCGS0070,CAMOUFLAGE DOG COLLAR,2
missing_description_review,22146,None,2
missing_description_review,21321,None,2
missing_description_review,22180,None,2
missing_description_review,37501,None,2
missing_description_review,84971L,None,2
missing_description_review,85113,None,2
missing_description_review,84795C,None,2
missing_description_review,84795A,None,2
missing_description_review,10080,None,2
missing_description_review,35004P,None,2
missing_description_review,17014A,None,2
missing_description_review,47587A,None,2
missing_description_review,85121B,None,2
missing_description_review,40018E,None,2
missing_description_review,84251F,None,2
missing_description_review,22348,None,2
missing_description_review,84986B,None,2
missing_description_review,21837,None,2
missing_description_review,84402B,None,2
missing_description_review,35809B,None,2
missing_description_review,35597D,None,2
missing_description_review,44228,None,2
missing_description_review,84709B,None,2
missing_description_review,79161A,None,2
missing_description_review,75013B,None,2
missing_description_review,84762A,None,2
missing_description_review,90042C,None,2
missing_description_review,84684,None,2
missing_description_review,47505,None,2
missing_description_review,84424A,None,2
missing_description_review,22347,None,2
nonstandard_code_review,gift_0001_20,None,2
missing_description_review,47566B,None,2
missing_description_review,22640,None,2
missing_description_review,21923,None,2
missing_description_review,84279B,None,2
missing_description_review,82607E,None,2
missing_description_review,85080,None,2
missing_description_review,35838A,None,2
missing_description_review,22656,None,2
nonstandard_code_review,DOT,None,2
missing_description_review,21181,None,2
nonstandard_code_review,gift_0001_10,None,2
missing_description_review,16162L,None,2
missing_description_review,10123G,None,2
missing_description_review,48184,None,2
missing_description_review,84918,None,2
missing_description_review,21214,None,2
missing_description_review,82072,None,2
missing_description_review,90002C,None,2
missing_description_review,37444B,None,2
missing_description_review,21216,None,2
missing_description_review,84975,None,2
missing_description_review,22690,None,2
missing_description_review,20976,None,2
missing_description_review,85129A,None,2
missing_description_review,22692,None,2
missing_description_review,20960,None,2
missing_description_review,22895,None,2
missing_description_review,21493,None,2
missing_description_review,48116,None,2
missing_description_review,21490,None,2
missing_description_review,79336,None,2
missing_description_review,85028L,None,2
missing_description_review,85028S,None,2
nonstandard_code_review,SP1002,KID'S CHALKBOARD/EASEL,2
missing_description_review,21432,None,2
missing_description_review,16248B,None,2
missing_description_review,84691,None,2
missing_description_review,22596,None,2
missing_description_review,22080,None,2
missing_description_review,20821,None,2
missing_description_review,21738,None,2
missing_description_review,85044,None,2
missing_description_review,22138,None,2
missing_description_review,85047,None,2
missing_description_review,21009,None,2
missing_description_review,37444C,None,2
missing_description_review,85226C,None,2
missing_description_review,85150,None,2
missing_description_review,82551,None,2
missing_description_review,22470,None,2
missing_description_review,22687,None,2
missing_description_review,72814,None,2
missing_description_review,21186,None,2
missing_description_review,21421,None,2
missing_description_review,22959,None,2
missing_description_review,35958,None,2
missing_description_review,84534B,None,2
missing_description_review,21667,None,2
missing_description_review,82605,None,2
missing_description_review,21324,None,2
missing_description_review,37467,None,2
missing_description_review,85049B,None,2
missing_description_review,47591B,None,2
missing_description_review,35645,None,2
missing_description_review,21429,None,2
missing_description_review,22837,None,2
missing_description_review,84459B,None,2
missing_description_review,84535A,None,2
missing_description_review,85045,None,2
missing_description_review,85197,None,2
missing_description_review,21258,None,2
missing_description_review,22627,None,2
missing_description_review,84840,None,2
missing_description_review,21841,None,2
missing_description_review,90005A,None,2
missing_description_review,21898,None,2
missing_description_review,84906,None,2
missing_description_review,22720,None,2
missing_description_review,22988,None,2
missing_description_review,35819B,None,2
missing_description_review,84912A,None,2
missing_description_review,21911,None,2
missing_description_review,85185D,None,2
missing_description_review,20975,None,2
missing_description_review,35653,None,2
missing_description_review,21027,None,2
missing_description_review,22968,None,2
missing_description_review,84548,None,2
missing_description_review,85213,None,2
missing_description_review,35966,None,2
missing_description_review,84686,None,2
missing_description_review,21272,None,2
missing_description_review,84847,None,2
missing_description_review,23134,None,2
missing_description_review,79000,None,2
missing_description_review,85049D,None,2
missing_description_review,85232D,None,2
missing_description_review,23306,None,2
missing_description_review,22035,None,2
missing_description_review,35815P,None,2
missing_description_review,90209C,None,2
missing_description_review,84663A,None,2
missing_description_review,22829,None,2
missing_description_review,21394,None,2
missing_description_review,22688,None,2
missing_description_review,23412,None,2
missing_description_review,85135A,None,2
missing_description_review,23579,None,2
missing_description_review,21809,None,2
missing_description_review,22121,None,2
missing_description_review,72817,None,2
missing_description_review,22579,None,2
missing_description_review,35751C,None,1
missing_description_review,79323G,None,1
missing_description_review,21982,None,1
missing_description_review,84508B,None,1
missing_description_review,21133,None,1
missing_description_review,22158,None,1
missing_description_review,22188,None,1
nonstandard_code_review,gift_0001_80,Dotcomgiftshop Gift Voucher £80.00,1
nonstandard_code_review,DCGS0044,HANDZ-OFF CAR FRESHENER,1
missing_description_review,72267,None,1
nonstandard_code_review,TEST002,This is a test product.,1
missing_description_review,22187,None,1
missing_description_review,35751A,None,1
missing_description_review,84814B,None,1
missing_description_review,72724,None,1
missing_description_review,71263G,None,1
missing_description_review,17164D,None,1
missing_description_review,35999,None,1
missing_description_review,85230C,None,1
missing_description_review,85230D,None,1
missing_description_review,72708,None,1
missing_description_review,20691,None,1
missing_description_review,35051B,None,1
missing_description_review,20880,None,1
missing_description_review,20859,None,1
missing_description_review,22330,None,1
missing_description_review,22390,None,1
missing_description_review,72777,None,1
missing_description_review,79069A,None,1
missing_description_review,85151,None,1
missing_description_review,22003,None,1
missing_description_review,84247B,None,1
missing_description_review,84986A,None,1
missing_description_review,35980A,None,1
missing_description_review,84940,None,1
missing_description_review,79053A,None,1
missing_description_review,72655C,None,1
missing_description_review,47556,None,1
missing_description_review,35977B,None,1
missing_description_review,85083,None,1
missing_description_review,20673,None,1
missing_description_review,35975B,None,1
missing_description_review,20959,None,1
missing_description_review,20884,None,1
missing_description_review,85231D,None,1
missing_description_review,85025A,None,1
missing_description_review,21492,None,1
missing_description_review,21362,None,1
missing_description_review,21852,None,1
missing_description_review,35994,None,1
missing_description_review,22113,None,1
missing_description_review,47340B,None,1
missing_description_review,71409B,None,1
missing_description_review,17129C,None,1
missing_description_review,20995,None,1
missing_description_review,21787,None,1
missing_description_review,35001P,None,1
missing_description_review,21487,None,1
missing_description_review,78056,None,1
missing_description_review,79065A,None,1
missing_description_review,84558B,None,1
missing_description_review,21859,None,1
missing_description_review,79053B,None,1
missing_description_review,21029,None,1
missing_description_review,79340W,None,1
missing_description_review,35821P,None,1
missing_description_review,20743,None,1
missing_description_review,21505,None,1
missing_description_review,21450,None,1
missing_description_review,21148,None,1
missing_description_review,21543,None,1
missing_description_review,79165,None,1
missing_description_review,72483,None,1
missing_description_review,16195,None,1
missing_description_review,84811A,None,1
missing_description_review,47567,None,1
missing_description_review,20683,None,1
missing_description_review,72487,None,1
missing_description_review,71028A,None,1
missing_description_review,37484,None,1
missing_description_review,20721,None,1
missing_description_review,20737,None,1
missing_description_review,84899A,None,1
missing_description_review,84928,None,1
missing_description_review,47347A,None,1
missing_description_review,79309A,None,1
missing_description_review,85098A,None,1
missing_description_review,48172,None,1
missing_description_review,84927C,None,1
missing_description_review,72778,None,1
nonstandard_code_review,TEST002,None,1
missing_description_review,35945,None,1
missing_description_review,35598C,None,1
missing_description_review,90121A,None,1
missing_description_review,85184A,None,1
missing_description_review,40046C,None,1
missing_description_review,21558,None,1
missing_description_review,47009,None,1
missing_description_review,84753A,None,1
missing_description_review,20911,None,1
missing_description_review,35990,None,1
missing_description_review,20940,None,1
missing_description_review,84671A,None,1
missing_description_review,90004A,None,1
missing_description_review,20870,None,1
missing_description_review,21353,None,1
missing_description_review,22213,None,1
missing_description_review,62097A,None,1
missing_description_review,84877C,None,1
missing_description_review,85064,None,1
missing_description_review,21981,None,1
missing_description_review,20714,None,1
missing_description_review,20968,None,1
missing_description_review,16206B,None,1
missing_description_review,21731,None,1
missing_description_review,84933C,None,1
missing_description_review,84494B,None,1
missing_description_review,85070,None,1
missing_description_review,84723,None,1
missing_description_review,72739B,None,1
missing_description_review,47562,None,1
missing_description_review,21554,None,1
missing_description_review,18096C,None,1
missing_description_review,20791,None,1
missing_description_review,21322,None,1
missing_description_review,21893,None,1
missing_description_review,21252,None,1
missing_description_review,21363,None,1
missing_description_review,21409,None,1
missing_description_review,21779,None,1
missing_description_review,85166A,None,1
missing_description_review,85043,None,1
missing_description_review,16254,None,1
missing_description_review,35822B,None,1
missing_description_review,84596I,None,1
missing_description_review,46775A,None,1
missing_description_review,72785B,None,1
missing_description_review,51012C,None,1
missing_description_review,84450A,None,1
missing_description_review,44091A,None,1
missing_description_review,82011E,None,1
missing_description_review,22169,None,1
missing_description_review,79303A,None,1
missing_description_review,84798C,None,1
missing_description_review,84425A,None,1
missing_description_review,21338,None,1
missing_description_review,84081,None,1
missing_description_review,84705C,None,1
missing_description_review,16168S,None,1
missing_description_review,84926B,None,1
missing_description_review,21489,None,1
missing_description_review,84830,None,1
missing_description_review,84251J,None,1
missing_description_review,10124A,None,1
missing_description_review,72796B,None,1
missing_description_review,20698,None,1
missing_description_review,37477C,None,1
missing_description_review,85097B,None,1
missing_description_review,21729,None,1
missing_description_review,84845D,None,1
missing_description_review,37462E,None,1
missing_description_review,37488A,None,1
missing_description_review,44217M,None,1
missing_description_review,22432,None,1
missing_description_review,85114C,None,1
missing_description_review,82553,None,1
missing_description_review,16044,None,1
missing_description_review,21309,None,1
missing_description_review,84464,None,1
missing_description_review,21256,None,1
missing_description_review,15056P,None,1
missing_description_review,15056BL,None,1
missing_description_review,72728,None,1
missing_description_review,72732,None,1
missing_description_review,72759,None,1
missing_description_review,37410,None,1
missing_description_review,20776,None,1
missing_description_review,20775,None,1
missing_description_review,21553,None,1
missing_description_review,22295,None,1
missing_description_review,21396,None,1
missing_description_review,84706A,None,1
missing_description_review,84520D,None,1
missing_description_review,84947,None,1
missing_description_review,84997A,None,1
missing_description_review,82585,None,1
missing_description_review,35096A,None,1
missing_description_review,72484,None,1
missing_description_review,85049C,None,1
missing_description_review,84030C,None,1
missing_description_review,22364,None,1
missing_description_review,22362,None,1
missing_description_review,20688,None,1
missing_description_review,20689,None,1
missing_description_review,84767,None,1
missing_description_review,84437A,None,1
missing_description_review,16161P,None,1
missing_description_review,16244A,None,1
missing_description_review,84402D,None,1
missing_description_review,79413,None,1
missing_description_review,79303D,None,1
missing_description_review,84469,None,1
missing_description_review,84984B,None,1
missing_description_review,17109A,None,1
missing_description_review,85196,None,1
missing_description_review,85206B,None,1
missing_description_review,35978,None,1
nonstandard_code_review,DCGS0075,CAMOUFLAGUE DOG LEAD,1
missing_description_review,85014D,None,1
missing_description_review,84447,None,1
missing_description_review,37326,None,1
missing_description_review,21385,None,1
missing_description_review,84814A,None,1
missing_description_review,84750A,None,1
missing_description_review,85167A,None,1
missing_description_review,21173,None,1
missing_description_review,22290,None,1
missing_description_review,21193,None,1
missing_description_review,84914A,None,1
missing_description_review,22558,None,1
missing_description_review,84875D,None,1
missing_description_review,47503A,None,1
missing_description_review,20685,None,1
missing_description_review,21663,None,1
missing_description_review,47504G,None,1
missing_description_review,90197D,None,1
missing_description_review,47570,None,1
missing_description_review,84627,None,1
missing_description_review,21759,None,1
missing_description_review,75149N,None,1
missing_description_review,16156N,None,1
missing_description_review,84461,None,1
missing_description_review,21935,None,1
missing_description_review,21670,None,1
missing_description_review,46115B,None,1
missing_description_review,75049L,None,1
missing_description_review,44242C,None,1
missing_description_review,17014E,None,1
missing_description_review,84620,None,1
missing_description_review,84854,None,1
missing_description_review,21552,None,1
missing_description_review,84629,None,1
missing_description_review,85231E,None,1
missing_description_review,85050,None,1
missing_description_review,16161M,None,1
missing_description_review,85185C,None,1
missing_description_review,85014C,None,1
missing_description_review,84526,None,1
missing_description_review,84529A,None,1
missing_description_review,17014F,None,1
missing_description_review,72798C,None,1
missing_description_review,72799D,None,1
missing_description_review,84597B,None,1
missing_description_review,20785,None,1
missing_description_review,20786,None,1
missing_description_review,20957,None,1
missing_description_review,84575B,None,1
missing_description_review,84743C,None,1
missing_description_review,84937,None,1
missing_description_review,21950,None,1
missing_description_review,20990,None,1
missing_description_review,84596K,None,1
missing_description_review,84564,None,1
missing_description_review,84595B,None,1
missing_description_review,84858B,None,1
missing_description_review,20862,None,1
missing_description_review,37483,None,1
missing_description_review,79308B,None,1
missing_description_review,21749,None,1
missing_description_review,77081,None,1
missing_description_review,84690,None,1
missing_description_review,22193,None,1
missing_description_review,16052,None,1
missing_description_review,85078,None,1
missing_description_review,21341,None,1
missing_description_review,84886,None,1
missing_description_review,84891B,None,1
missing_description_review,16162M,None,1
missing_description_review,72800A,None,1
missing_description_review,84857A,None,1
missing_description_review,46775E,None,1
missing_description_review,37491C,None,1
missing_description_review,37491A,None,1
missing_description_review,84680,None,1
missing_description_review,21698,None,1
missing_description_review,79030A,None,1
missing_description_review,84709A,None,1
missing_description_review,84712B,None,1
missing_description_review,17001,None,1
missing_description_review,79532,None,1
missing_description_review,47592B,None,1
missing_description_review,84856S,None,1
missing_description_review,79331,None,1
missing_description_review,21226,None,1
missing_description_review,37462B,None,1
missing_description_review,37422,None,1
missing_description_review,20845,None,1
missing_description_review,90081B,None,1
missing_description_review,90094,None,1
missing_description_review,90060D,None,1
missing_description_review,90162A,None,1
missing_description_review,90212C,None,1
missing_description_review,90036B,None,1
missing_description_review,90025C,None,1
missing_description_review,90011C,None,1
missing_description_review,90000C,None,1
missing_description_review,90139,None,1
missing_description_review,90090,None,1
missing_description_review,90087,None,1
missing_description_review,90128B,None,1
missing_description_review,90128A,None,1
nonstandard_code_review,DCGS0041,HAYNES MINI-COOPER PLAYING CARDS,1
missing_description_review,37481,None,1
missing_description_review,85162B,None,1
missing_description_review,21871,None,1
missing_description_review,21077,None,1
missing_description_review,22236,None,1
missing_description_review,21869,None,1
missing_description_review,21740,None,1
missing_description_review,16051,None,1
missing_description_review,16256B,None,1
nonstandard_code_review,gift_0001_70,Dotcomgiftshop Gift Voucher £70.00,1
nonstandard_code_review,DCGS0037,KEY-RING CORKSCREW,1
missing_description_review,84791,None,1
missing_description_review,20861,None,1
nonstandard_code_review,DCGSSBOY,update,1
nonstandard_code_review,DCGSSGIRL,update,1
missing_description_review,20729,None,1
missing_description_review,85222,None,1
missing_description_review,51020B,None,1
missing_description_review,47598,None,1
missing_description_review,84932A,None,1
missing_description_review,84932D,None,1
missing_description_review,90060C,None,1
missing_description_review,90035B,None,1
missing_description_review,21730,None,1
missing_description_review,21185,None,1
missing_description_review,22192,None,1
missing_description_review,22122,None,1
missing_description_review,35838B,None,1
missing_description_review,79320,None,1
missing_description_review,84968D,None,1
missing_description_review,21765,None,1
missing_description_review,85041,None,1
missing_description_review,20660,None,1
missing_description_review,47599A,None,1
missing_description_review,22639,None,1
missing_description_review,22638,None,1
missing_description_review,22641,None,1
missing_description_review,22642,None,1
missing_description_review,22643,None,1
missing_description_review,22604,None,1
missing_description_review,48103,None,1
missing_description_review,21121,None,1
missing_description_review,22752,None,1
missing_description_review,22753,None,1
missing_description_review,22754,None,1
missing_description_review,22756,None,1
missing_description_review,22757,None,1
missing_description_review,22755,None,1
missing_description_review,22759,None,1
missing_description_review,22758,None,1
missing_description_review,84837,None,1
missing_description_review,85160A,None,1
missing_description_review,22456,None,1
missing_description_review,21796,None,1
missing_description_review,21323,None,1
missing_description_review,85160B,None,1
missing_description_review,20863,None,1
missing_description_review,21795,None,1
missing_description_review,21545,None,1
missing_description_review,84926C,None,1
missing_description_review,22487,None,1
missing_description_review,79029,None,1
missing_description_review,21585,None,1
missing_description_review,21728,None,1
missing_description_review,21280,None,1
missing_description_review,22961,None,1
missing_description_review,22963,None,1
missing_description_review,22086,None,1
missing_description_review,22326,None,1
missing_description_review,37449,None,1
missing_description_review,47566,None,1
missing_description_review,90002E,None,1
missing_description_review,78026,None,1
missing_description_review,85217,None,1
missing_description_review,47567B,None,1
missing_description_review,20692,None,1
missing_description_review,21312,None,1
missing_description_review,21687,None,1
missing_description_review,22952,None,1
missing_description_review,22909,None,1
missing_description_review,21610,None,1
missing_description_review,21082,None,1
missing_description_review,21529,None,1
missing_description_review,84858A,None,1
missing_description_review,90040D,None,1
missing_description_review,85231L,None,1
missing_description_review,85184D,None,1
missing_description_review,21538,None,1
missing_description_review,72529W,None,1
missing_description_review,22900,None,1
missing_description_review,22898,None,1
missing_description_review,22908,None,1
missing_description_review,22894,None,1
missing_description_review,22897,None,1
missing_description_review,22896,None,1
missing_description_review,22939,None,1
missing_description_review,21482,None,1
missing_description_review,21007,None,1
missing_description_review,82582,None,1
missing_description_review,20787,None,1
missing_description_review,35981C,None,1
missing_description_review,21330,None,1
missing_description_review,35596,None,1
missing_description_review,20943,None,1
missing_description_review,21542,None,1
missing_description_review,35811A,None,1
missing_description_review,79534,None,1
missing_description_review,85124A,None,1
missing_description_review,17165B,None,1
missing_description_review,48188,None,1
missing_description_review,22285,None,1
missing_description_review,21532,None,1
missing_description_review,35160,None,1
missing_description_review,82607A,None,1
missing_description_review,37448,None,1
missing_description_review,22850,None,1
missing_description_review,85031B,None,1
missing_description_review,17033,None,1
missing_description_review,35991,None,1
missing_description_review,85042,None,1
nonstandard_code_review,DCGS0058,None,1
missing_description_review,85031C,None,1
missing_description_review,21806,None,1
missing_description_review,21016,None,1
missing_description_review,35833G,None,1
nonstandard_code_review,DCGS0062,ROAD-RAGE CAR FRESHENER,1
missing_description_review,35962,None,1
missing_description_review,21010,None,1
missing_description_review,82615,None,1
missing_description_review,82011B,None,1
missing_description_review,72024U,None,1
missing_description_review,85026B,None,1
missing_description_review,35633B,None,1
missing_description_review,20934,None,1
missing_description_review,16202B,None,1
missing_description_review,84964A,None,1
missing_description_review,90203,None,1
missing_description_review,85216,None,1
missing_description_review,85024B,None,1
missing_description_review,16202E,None,1
missing_description_review,85224,None,1
missing_description_review,71279,None,1
missing_description_review,35833P,None,1
missing_description_review,85195,None,1
missing_description_review,21757,None,1
missing_description_review,47503H,None,1
missing_description_review,17012A,None,1
missing_description_review,35271S,None,1
missing_description_review,37352,None,1
missing_description_review,85040B,None,1
missing_description_review,35832,None,1
missing_description_review,21659,None,1
missing_description_review,22275,None,1
missing_description_review,85033S,None,1
missing_description_review,21590,None,1
missing_description_review,16212,None,1
missing_description_review,35932,None,1
missing_description_review,85189,None,1
missing_description_review,21770,None,1
missing_description_review,84803A,None,1
missing_description_review,21134,None,1
missing_description_review,85226A,None,1
missing_description_review,20950,None,1
missing_description_review,84952C,None,1
missing_description_review,35951,None,1
missing_description_review,21651,None,1
missing_description_review,21777,None,1
missing_description_review,85215,None,1
missing_description_review,84270,None,1
missing_description_review,90167,None,1
missing_description_review,37474,None,1
missing_description_review,85170A,None,1
missing_description_review,21595,None,1
missing_description_review,22114,None,1
missing_description_review,21488,None,1
missing_description_review,84688,None,1
missing_description_review,17091A,None,1
missing_description_review,84773,None,1
missing_description_review,20878,None,1
missing_description_review,62095B,None,1
missing_description_review,84802A,None,1
missing_description_review,90002D,None,1
missing_description_review,90042B,None,1
missing_description_review,22218,None,1
missing_description_review,20956,None,1
missing_description_review,85084,None,1
missing_description_review,22591,None,1
missing_description_review,21491,None,1
missing_description_review,84689,None,1
missing_description_review,84675,None,1
missing_description_review,90112,None,1
missing_description_review,35957,None,1
missing_description_review,84562A,None,1
missing_description_review,22323,None,1
missing_description_review,21632,None,1
missing_description_review,21348,None,1
missing_description_review,84823,None,1
missing_description_review,84452,None,1
missing_description_review,37413,None,1
missing_description_review,79063D,None,1
missing_description_review,20798,None,1
missing_description_review,22830,None,1
missing_description_review,35607A,None,1
missing_description_review,22242,None,1
missing_description_review,79063C,None,1
missing_description_review,79062D,None,1
missing_description_review,22353,None,1
missing_description_review,22833,None,1
missing_description_review,84611B,None,1
missing_description_review,84306,None,1
missing_description_review,21655,None,1
missing_description_review,16033,None,1
missing_description_review,22865,None,1
missing_description_review,84029E,None,1
missing_description_review,15058A,None,1
missing_description_review,21973,None,1
missing_description_review,90200C,None,1
missing_description_review,84247K,None,1
missing_description_review,79302M,None,1
missing_description_review,21484,None,1
missing_description_review,84029G,None,1
missing_description_review,21555,None,1
missing_description_review,85185B,None,1
missing_description_review,85096,None,1
missing_description_review,22272,None,1
missing_description_review,77101A,None,1
missing_description_review,22838,None,1
missing_description_review,85206A,None,1
missing_description_review,21717,None,1
missing_description_review,21826,None,1
missing_description_review,22764,None,1
missing_description_review,84968B,None,1
missing_description_review,85025C,None,1
missing_description_review,21393,None,1
missing_description_review,71038,None,1
missing_description_review,47593A,None,1
missing_description_review,10002,None,1
missing_description_review,20702,None,1
missing_description_review,15030,None,1
missing_description_review,90010A,None,1
missing_description_review,90082B,None,1
missing_description_review,84596E,None,1
missing_description_review,72800D,None,1
missing_description_review,72801G,None,1
missing_description_review,84507B,None,1
missing_description_review,84741C,None,1
missing_description_review,21279,None,1
missing_description_review,21278,None,1
missing_description_review,82494L,None,1
missing_description_review,20760,None,1
missing_description_review,21664,None,1
missing_description_review,84247L,None,1
missing_description_review,44265,None,1
missing_description_review,20748,None,1
missing_description_review,84858C,None,1
missing_description_review,84857C,None,1
missing_description_review,62043B,None,1
missing_description_review,85146,None,1
missing_description_review,22168,None,1
missing_description_review,21527,None,1
missing_description_review,22847,None,1
missing_description_review,35915C,None,1
missing_description_review,84388,None,1
missing_description_review,85027L,None,1
missing_description_review,22867,None,1
missing_description_review,20941,None,1
missing_description_review,85200,None,1
missing_description_review,85145,None,1
missing_description_review,22632,None,1
missing_description_review,85008,None,1
missing_description_review,22777,None,1
missing_description_review,82483,None,1
missing_description_review,21897,None,1
missing_description_review,22459,None,1
missing_description_review,85099F,None,1
missing_description_review,16015,None,1
missing_description_review,22173,None,1
missing_description_review,21269,None,1
missing_description_review,84539,None,1
missing_description_review,21355,None,1
missing_description_review,18098C,None,1
missing_description_review,84685,None,1
missing_description_review,47589,None,1
missing_description_review,20778,None,1
missing_description_review,20851,None,1
missing_description_review,22202,None,1
missing_description_review,84596J,None,1
missing_description_review,20964,None,1
missing_description_review,22726,None,1
missing_description_review,21143,None,1
missing_description_review,22078,None,1
missing_description_review,82599,None,1
missing_description_review,84760S,None,1
missing_description_review,23444,None,1
missing_description_review,20886,None,1
missing_description_review,20966,None,1
missing_description_review,84313C,None,1
missing_description_review,20664,None,1
missing_description_review,85016,None,1
missing_description_review,16049,None,1
missing_description_review,20801,None,1
missing_description_review,21904,None,1
missing_description_review,84917,None,1
missing_description_review,84796B,None,1
missing_description_review,47021G,None,1
missing_description_review,22783,None,1
nonstandard_code_review,gift_0001_20,to push order througha s stock was ,1
missing_description_review,85141,None,1
missing_description_review,21937,None,1
missing_description_review,84387A,None,1
missing_description_review,47013C,None,1
missing_description_review,23574,None,1
missing_description_review,84857B,None,1
missing_description_review,20716,None,1
missing_description_review,23283,None,1
missing_description_review,21763,None,1
missing_description_review,79337,None,1
missing_description_review,21578,None,1
missing_description_review,21635,None,1
missing_description_review,21069,None,1
missing_description_review,84925F,None,1
missing_description_review,21472,None,1
missing_description_review,22088,None,1
missing_description_review,85086A,None,1
missing_description_review,22034,None,1
missing_description_review,21686,None,1
missing_description_review,35819P,None,1
missing_description_review,84789,None,1
missing_description_review,81952B,None,1
missing_description_review,21294,None,1
missing_description_review,84595E,None,1
missing_description_review,40046A,None,1
missing_description_review,21275,None,1
missing_description_review,21609,None,1
missing_description_review,72709,None,1
missing_description_review,22722,None,1
missing_description_review,21147,None,1
missing_description_review,21359,None,1
missing_description_review,22194,None,1
missing_description_review,21658,None,1
missing_description_review,85152,None,1
missing_description_review,85107,None,1
missing_description_review,85106,None,1
missing_description_review,20684,None,1
missing_description_review,21673,None,1
missing_description_review,22157,None,1
missing_description_review,16046,None,1
missing_description_review,21662,None,1
missing_description_review,23175,None,1
missing_description_review,21257,None,1
missing_description_review,85032D,None,1
missing_description_review,37342,None,1
missing_description_review,21682,None,1
missing_description_review,84989A,None,1
missing_description_review,47570B,None,1
missing_description_review,84660C,None,1
missing_description_review,22050,None,1
missing_description_review,23135,None,1
missing_description_review,35592T,None,1
missing_description_review,35598A,None,1
missing_description_review,35911A,None,1
missing_description_review,21830,None,1
missing_description_review,21349,None,1
missing_description_review,84660A,None,1
missing_description_review,20984,None,1
missing_description_review,21586,None,1
missing_description_review,21587,None,1
missing_description_review,37370,None,1
missing_description_review,84849D,None,1
missing_description_review,90209B,None,1
missing_description_review,47504K,None,1
missing_description_review,35933,None,1
missing_description_review,21244,None,1
missing_description_review,21918,None,1
missing_description_review,21311,None,1
missing_description_review,84596G,None,1
missing_description_review,21190,None,1
missing_description_review,46775D,None,1
missing_description_review,23702,None,1
missing_description_review,22149,None,1
missing_description_review,22729,None,1
missing_description_review,21801,None,1
missing_description_review,85211,None,1
missing_description_review,37327,None,1
missing_description_review,79030D,None,1
missing_description_review,35810B,None,1
missing_description_review,72818,None,1
missing_description_review,23400,None,1
missing_description_review,21071,None,1
missing_description_review,21174,None,1
missing_description_review,85017B,None,1
missing_description_review,22827,None,1
missing_description_review,21054,None,1
missing_description_review,72802C,None,1
missing_description_review,85125,None,1
missing_description_review,15060B,None,1
missing_description_review,37489A,None,1
missing_description_review,85135B,None,1
missing_description_review,22606,None,1
missing_description_review,22568,None,1
missing_description_review,23541,None,1
missing_description_review,22943,None,1
missing_description_review,21811,None,1
missing_description_review,22810,None,1
missing_description_review,21927,None,1
missing_description_review,22947,None,1
missing_description_review,22696,None,1
missing_description_review,21804,None,1
missing_description_review,21808,None,1
missing_description_review,21803,None,1
missing_description_review,23406,None,1
missing_description_review,21620,None,1
missing_description_review,85175,None,1
