case,basis,workers,absent,present_workers,rate,service_days,arrivals,completed_on_time,completed_late,overdue_unfinished,pending_not_due,on_time_unit_share,target_met,peak_backlog,backlog_unit_days
retained_w4_a0_r30_d1,retained,4,0,4,30.0,1,228195,816,183600,43779,0,0.0035758890422664825,False,60481,11062932
retained_w4_a0_r30_d2,retained,4,0,4,30.0,2,228195,1826,182590,43779,0,0.008001928175463966,False,60481,11062932
retained_w4_a0_r40_d1,retained,4,0,4,40.0,1,228195,6438,221757,0,0,0.028212712811411293,False,12168,1598176
retained_w4_a0_r40_d2,retained,4,0,4,40.0,2,228195,26533,201662,0,0,0.11627336269418699,False,12168,1598176
retained_w4_a0_r50_d1,retained,4,0,4,50.0,1,228195,106464,121731,0,0,0.4665483468086505,False,4551,219978
retained_w4_a0_r50_d2,retained,4,0,4,50.0,2,228195,192393,35802,0,0,0.8431078682705581,False,4551,219978
retained_w4_a1_r30_d1,retained,4,1,3,30.0,1,228195,612,137700,89883,0,0.002681916781699862,False,102204,18352056
retained_w4_a1_r30_d2,retained,4,1,3,30.0,2,228195,1224,137088,89883,0,0.005363833563399724,False,102204,18352056
retained_w4_a1_r40_d1,retained,4,1,3,40.0,1,228195,816,183600,43779,0,0.0035758890422664825,False,60481,11062932
retained_w4_a1_r40_d2,retained,4,1,3,40.0,2,228195,1826,182590,43779,0,0.008001928175463966,False,60481,11062932
retained_w4_a1_r50_d1,retained,4,1,3,50.0,1,228195,1020,227175,0,0,0.0044698613028331035,False,20214,3777723
retained_w4_a1_r50_d2,retained,4,1,3,50.0,2,228195,3704,224491,0,0,0.016231731633033153,False,20214,3777723
retained_w4_a2_r30_d1,retained,4,2,2,30.0,1,228195,408,91800,135987,0,0.0017879445211332412,False,144147,25641180
retained_w4_a2_r30_d2,retained,4,2,2,30.0,2,228195,816,91392,135987,0,0.0035758890422664825,False,144147,25641180
retained_w4_a2_r40_d1,retained,4,2,2,40.0,1,228195,544,122400,105251,0,0.0023839260281776553,False,116144,20781764
retained_w4_a2_r40_d2,retained,4,2,2,40.0,2,228195,1088,121856,105251,0,0.0047678520563553105,False,116144,20781764
retained_w4_a2_r50_d1,retained,4,2,2,50.0,1,228195,680,153000,74515,0,0.002979907535222069,False,88264,15922348
retained_w4_a2_r50_d2,retained,4,2,2,50.0,2,228195,1360,152320,74515,0,0.005959815070444138,False,88264,15922348
retained_w5_a0_r30_d1,retained,5,0,5,30.0,1,228195,1020,227175,0,0,0.0044698613028331035,False,20214,3777723
retained_w5_a0_r30_d2,retained,5,0,5,30.0,2,228195,3704,224491,0,0,0.016231731633033153,False,20214,3777723
retained_w5_a0_r40_d1,retained,5,0,5,40.0,1,228195,106464,121731,0,0,0.4665483468086505,False,4551,219978
retained_w5_a0_r40_d2,retained,5,0,5,40.0,2,228195,192393,35802,0,0,0.8431078682705581,False,4551,219978
retained_w5_a0_r50_d1,retained,5,0,5,50.0,1,228195,176793,51402,0,0,0.774745283638993,False,4211,77716
retained_w5_a0_r50_d2,retained,5,0,5,50.0,2,228195,220533,7662,0,0,0.966423453625189,True,4211,77716
retained_w5_a1_r30_d1,retained,5,1,4,30.0,1,228195,816,183600,43779,0,0.0035758890422664825,False,60481,11062932
retained_w5_a1_r30_d2,retained,5,1,4,30.0,2,228195,1826,182590,43779,0,0.008001928175463966,False,60481,11062932
retained_w5_a1_r40_d1,retained,5,1,4,40.0,1,228195,6438,221757,0,0,0.028212712811411293,False,12168,1598176
retained_w5_a1_r40_d2,retained,5,1,4,40.0,2,228195,26533,201662,0,0,0.11627336269418699,False,12168,1598176
retained_w5_a1_r50_d1,retained,5,1,4,50.0,1,228195,106464,121731,0,0,0.4665483468086505,False,4551,219978
retained_w5_a1_r50_d2,retained,5,1,4,50.0,2,228195,192393,35802,0,0,0.8431078682705581,False,4551,219978
retained_w5_a2_r30_d1,retained,5,2,3,30.0,1,228195,612,137700,89883,0,0.002681916781699862,False,102204,18352056
retained_w5_a2_r30_d2,retained,5,2,3,30.0,2,228195,1224,137088,89883,0,0.005363833563399724,False,102204,18352056
retained_w5_a2_r40_d1,retained,5,2,3,40.0,1,228195,816,183600,43779,0,0.0035758890422664825,False,60481,11062932
retained_w5_a2_r40_d2,retained,5,2,3,40.0,2,228195,1826,182590,43779,0,0.008001928175463966,False,60481,11062932
retained_w5_a2_r50_d1,retained,5,2,3,50.0,1,228195,1020,227175,0,0,0.0044698613028331035,False,20214,3777723
retained_w5_a2_r50_d2,retained,5,2,3,50.0,2,228195,3704,224491,0,0,0.016231731633033153,False,20214,3777723
retained_w6_a0_r30_d1,retained,6,0,6,30.0,1,228195,62651,165544,0,0,0.27455027498411444,False,4687,413524
retained_w6_a0_r30_d2,retained,6,0,6,30.0,2,228195,129428,98767,0,0,0.5671815771598852,False,4687,413524
retained_w6_a0_r40_d1,retained,6,0,6,40.0,1,228195,167154,61041,0,0,0.7325050943272201,False,4279,93937
retained_w6_a0_r40_d2,retained,6,0,6,40.0,2,228195,218629,9566,0,0,0.9580797125265672,True,4279,93937
retained_w6_a0_r50_d1,retained,6,0,6,50.0,1,228195,200456,27739,0,0,0.8784416836477574,False,3871,39504
retained_w6_a0_r50_d2,retained,6,0,6,50.0,2,228195,224578,3617,0,0,0.9841495212427968,True,3871,39504
retained_w6_a1_r30_d1,retained,6,1,5,30.0,1,228195,1020,227175,0,0,0.0044698613028331035,False,20214,3777723
retained_w6_a1_r30_d2,retained,6,1,5,30.0,2,228195,3704,224491,0,0,0.016231731633033153,False,20214,3777723
retained_w6_a1_r40_d1,retained,6,1,5,40.0,1,228195,106464,121731,0,0,0.4665483468086505,False,4551,219978
retained_w6_a1_r40_d2,retained,6,1,5,40.0,2,228195,192393,35802,0,0,0.8431078682705581,False,4551,219978
retained_w6_a1_r50_d1,retained,6,1,5,50.0,1,228195,176793,51402,0,0,0.774745283638993,False,4211,77716
retained_w6_a1_r50_d2,retained,6,1,5,50.0,2,228195,220533,7662,0,0,0.966423453625189,True,4211,77716
retained_w6_a2_r30_d1,retained,6,2,4,30.0,1,228195,816,183600,43779,0,0.0035758890422664825,False,60481,11062932
retained_w6_a2_r30_d2,retained,6,2,4,30.0,2,228195,1826,182590,43779,0,0.008001928175463966,False,60481,11062932
retained_w6_a2_r40_d1,retained,6,2,4,40.0,1,228195,6438,221757,0,0,0.028212712811411293,False,12168,1598176
retained_w6_a2_r40_d2,retained,6,2,4,40.0,2,228195,26533,201662,0,0,0.11627336269418699,False,12168,1598176
retained_w6_a2_r50_d1,retained,6,2,4,50.0,1,228195,106464,121731,0,0,0.4665483468086505,False,4551,219978
retained_w6_a2_r50_d2,retained,6,2,4,50.0,2,228195,192393,35802,0,0,0.8431078682705581,False,4551,219978
retained_w7_a0_r30_d1,retained,7,0,7,30.0,1,228195,127455,100740,0,0,0.5585354630907776,False,4483,171981
retained_w7_a0_r30_d2,retained,7,0,7,30.0,2,228195,204541,23654,0,0,0.8963430399439076,False,4483,171981
retained_w7_a0_r40_d1,retained,7,0,7,40.0,1,228195,195079,33116,0,0,0.8548785030346853,False,4007,46676
retained_w7_a0_r40_d2,retained,7,0,7,40.0,2,228195,223748,4447,0,0,0.9805122811630403,True,4007,46676
retained_w7_a0_r50_d1,retained,7,0,7,50.0,1,228195,209939,18256,0,0,0.9199982471132145,False,3531,27462
retained_w7_a0_r50_d2,retained,7,0,7,50.0,2,228195,226457,1738,0,0,0.9923837069173295,True,3531,27462
retained_w7_a1_r30_d1,retained,7,1,6,30.0,1,228195,62651,165544,0,0,0.27455027498411444,False,4687,413524
retained_w7_a1_r30_d2,retained,7,1,6,30.0,2,228195,129428,98767,0,0,0.5671815771598852,False,4687,413524
retained_w7_a1_r40_d1,retained,7,1,6,40.0,1,228195,167154,61041,0,0,0.7325050943272201,False,4279,93937
retained_w7_a1_r40_d2,retained,7,1,6,40.0,2,228195,218629,9566,0,0,0.9580797125265672,True,4279,93937
retained_w7_a1_r50_d1,retained,7,1,6,50.0,1,228195,200456,27739,0,0,0.8784416836477574,False,3871,39504
retained_w7_a1_r50_d2,retained,7,1,6,50.0,2,228195,224578,3617,0,0,0.9841495212427968,True,3871,39504
retained_w7_a2_r30_d1,retained,7,2,5,30.0,1,228195,1020,227175,0,0,0.0044698613028331035,False,20214,3777723
retained_w7_a2_r30_d2,retained,7,2,5,30.0,2,228195,3704,224491,0,0,0.016231731633033153,False,20214,3777723
retained_w7_a2_r40_d1,retained,7,2,5,40.0,1,228195,106464,121731,0,0,0.4665483468086505,False,4551,219978
retained_w7_a2_r40_d2,retained,7,2,5,40.0,2,228195,192393,35802,0,0,0.8431078682705581,False,4551,219978
retained_w7_a2_r50_d1,retained,7,2,5,50.0,1,228195,176793,51402,0,0,0.774745283638993,False,4211,77716
retained_w7_a2_r50_d2,retained,7,2,5,50.0,2,228195,220533,7662,0,0,0.966423453625189,True,4211,77716
retained_w8_a0_r30_d1,retained,8,0,8,30.0,1,228195,167154,61041,0,0,0.7325050943272201,False,4279,93937
retained_w8_a0_r30_d2,retained,8,0,8,30.0,2,228195,218629,9566,0,0,0.9580797125265672,True,4279,93937
retained_w8_a0_r40_d1,retained,8,0,8,40.0,1,228195,204580,23615,0,0,0.8965139464054865,False,3735,34292
retained_w8_a0_r40_d2,retained,8,0,8,40.0,2,228195,225394,2801,0,0,0.9877254102850632,True,3735,34292
retained_w8_a0_r50_d1,retained,8,0,8,50.0,1,228195,215307,12888,0,0,0.9435219877736146,False,3191,20787
retained_w8_a0_r50_d2,retained,8,0,8,50.0,2,228195,227724,471,0,0,0.9979359758101624,True,3191,20787
retained_w8_a1_r30_d1,retained,8,1,7,30.0,1,228195,127455,100740,0,0,0.5585354630907776,False,4483,171981
retained_w8_a1_r30_d2,retained,8,1,7,30.0,2,228195,204541,23654,0,0,0.8963430399439076,False,4483,171981
retained_w8_a1_r40_d1,retained,8,1,7,40.0,1,228195,195079,33116,0,0,0.8548785030346853,False,4007,46676
retained_w8_a1_r40_d2,retained,8,1,7,40.0,2,228195,223748,4447,0,0,0.9805122811630403,True,4007,46676
retained_w8_a1_r50_d1,retained,8,1,7,50.0,1,228195,209939,18256,0,0,0.9199982471132145,False,3531,27462
retained_w8_a1_r50_d2,retained,8,1,7,50.0,2,228195,226457,1738,0,0,0.9923837069173295,True,3531,27462
retained_w8_a2_r30_d1,retained,8,2,6,30.0,1,228195,62651,165544,0,0,0.27455027498411444,False,4687,413524
retained_w8_a2_r30_d2,retained,8,2,6,30.0,2,228195,129428,98767,0,0,0.5671815771598852,False,4687,413524
retained_w8_a2_r40_d1,retained,8,2,6,40.0,1,228195,167154,61041,0,0,0.7325050943272201,False,4279,93937
retained_w8_a2_r40_d2,retained,8,2,6,40.0,2,228195,218629,9566,0,0,0.9580797125265672,True,4279,93937
retained_w8_a2_r50_d1,retained,8,2,6,50.0,1,228195,200456,27739,0,0,0.8784416836477574,False,3871,39504
retained_w8_a2_r50_d2,retained,8,2,6,50.0,2,228195,224578,3617,0,0,0.9841495212427968,True,3871,39504
retained_w9_a0_r30_d1,retained,9,0,9,30.0,1,228195,190590,37605,0,0,0.835206731085256,False,4075,54283
retained_w9_a0_r30_d2,retained,9,0,9,30.0,2,228195,222896,5299,0,0,0.9767786323100857,True,4075,54283
retained_w9_a0_r40_d1,retained,9,0,9,40.0,1,228195,211133,17062,0,0,0.9252306141677075,False,3463,25956
retained_w9_a0_r40_d2,retained,9,0,9,40.0,2,228195,226729,1466,0,0,0.9935756699314183,True,3463,25956
retained_w9_a0_r50_d1,retained,9,0,9,50.0,1,228195,218994,9201,0,0,0.9596792217182673,True,2851,16629
retained_w9_a0_r50_d2,retained,9,0,9,50.0,2,228195,228195,0,0,0,1.0,True,2851,16629
retained_w9_a1_r30_d1,retained,9,1,8,30.0,1,228195,167154,61041,0,0,0.7325050943272201,False,4279,93937
retained_w9_a1_r30_d2,retained,9,1,8,30.0,2,228195,218629,9566,0,0,0.9580797125265672,True,4279,93937
retained_w9_a1_r40_d1,retained,9,1,8,40.0,1,228195,204580,23615,0,0,0.8965139464054865,False,3735,34292
retained_w9_a1_r40_d2,retained,9,1,8,40.0,2,228195,225394,2801,0,0,0.9877254102850632,True,3735,34292
retained_w9_a1_r50_d1,retained,9,1,8,50.0,1,228195,215307,12888,0,0,0.9435219877736146,False,3191,20787
retained_w9_a1_r50_d2,retained,9,1,8,50.0,2,228195,227724,471,0,0,0.9979359758101624,True,3191,20787
retained_w9_a2_r30_d1,retained,9,2,7,30.0,1,228195,127455,100740,0,0,0.5585354630907776,False,4483,171981
retained_w9_a2_r30_d2,retained,9,2,7,30.0,2,228195,204541,23654,0,0,0.8963430399439076,False,4483,171981
retained_w9_a2_r40_d1,retained,9,2,7,40.0,1,228195,195079,33116,0,0,0.8548785030346853,False,4007,46676
retained_w9_a2_r40_d2,retained,9,2,7,40.0,2,228195,223748,4447,0,0,0.9805122811630403,True,4007,46676
retained_w9_a2_r50_d1,retained,9,2,7,50.0,1,228195,209939,18256,0,0,0.9199982471132145,False,3531,27462
retained_w9_a2_r50_d2,retained,9,2,7,50.0,2,228195,226457,1738,0,0,0.9923837069173295,True,3531,27462
retained_w10_a0_r30_d1,retained,10,0,10,30.0,1,228195,200456,27739,0,0,0.8784416836477574,False,3871,39504
retained_w10_a0_r30_d2,retained,10,0,10,30.0,2,228195,224578,3617,0,0,0.9841495212427968,True,3871,39504
retained_w10_a0_r40_d1,retained,10,0,10,40.0,1,228195,215307,12888,0,0,0.9435219877736146,False,3191,20787
retained_w10_a0_r40_d2,retained,10,0,10,40.0,2,228195,227724,471,0,0,0.9979359758101624,True,3191,20787
retained_w10_a0_r50_d1,retained,10,0,10,50.0,1,228195,221726,6469,0,0,0.9716514384627183,True,2511,13897
retained_w10_a0_r50_d2,retained,10,0,10,50.0,2,228195,228195,0,0,0,1.0,True,2511,13897
retained_w10_a1_r30_d1,retained,10,1,9,30.0,1,228195,190590,37605,0,0,0.835206731085256,False,4075,54283
retained_w10_a1_r30_d2,retained,10,1,9,30.0,2,228195,222896,5299,0,0,0.9767786323100857,True,4075,54283
retained_w10_a1_r40_d1,retained,10,1,9,40.0,1,228195,211133,17062,0,0,0.9252306141677075,False,3463,25956
retained_w10_a1_r40_d2,retained,10,1,9,40.0,2,228195,226729,1466,0,0,0.9935756699314183,True,3463,25956
retained_w10_a1_r50_d1,retained,10,1,9,50.0,1,228195,218994,9201,0,0,0.9596792217182673,True,2851,16629
retained_w10_a1_r50_d2,retained,10,1,9,50.0,2,228195,228195,0,0,0,1.0,True,2851,16629
retained_w10_a2_r30_d1,retained,10,2,8,30.0,1,228195,167154,61041,0,0,0.7325050943272201,False,4279,93937
retained_w10_a2_r30_d2,retained,10,2,8,30.0,2,228195,218629,9566,0,0,0.9580797125265672,True,4279,93937
retained_w10_a2_r40_d1,retained,10,2,8,40.0,1,228195,204580,23615,0,0,0.8965139464054865,False,3735,34292
retained_w10_a2_r40_d2,retained,10,2,8,40.0,2,228195,225394,2801,0,0,0.9877254102850632,True,3735,34292
retained_w10_a2_r50_d1,retained,10,2,8,50.0,1,228195,215307,12888,0,0,0.9435219877736146,False,3191,20787
retained_w10_a2_r50_d2,retained,10,2,8,50.0,2,228195,227724,471,0,0,0.9979359758101624,True,3191,20787
retained_w11_a0_r30_d1,retained,11,0,11,30.0,1,228195,206496,21699,0,0,0.9049102741076711,False,3667,31832
retained_w11_a0_r30_d2,retained,11,0,11,30.0,2,228195,225802,2393,0,0,0.9895133548061965,True,3667,31832
retained_w11_a0_r40_d1,retained,11,0,11,40.0,1,228195,218370,9825,0,0,0.9569447183330047,True,2919,17253
retained_w11_a0_r40_d2,retained,11,0,11,40.0,2,228195,228195,0,0,0,1.0,True,2919,17253
retained_w11_a0_r50_d1,retained,11,0,11,50.0,1,228195,223476,4719,0,0,0.9793203181489516,True,2171,12147
retained_w11_a0_r50_d2,retained,11,0,11,50.0,2,228195,228195,0,0,0,1.0,True,2171,12147
retained_w11_a1_r30_d1,retained,11,1,10,30.0,1,228195,200456,27739,0,0,0.8784416836477574,False,3871,39504
retained_w11_a1_r30_d2,retained,11,1,10,30.0,2,228195,224578,3617,0,0,0.9841495212427968,True,3871,39504
retained_w11_a1_r40_d1,retained,11,1,10,40.0,1,228195,215307,12888,0,0,0.9435219877736146,False,3191,20787
retained_w11_a1_r40_d2,retained,11,1,10,40.0,2,228195,227724,471,0,0,0.9979359758101624,True,3191,20787
retained_w11_a1_r50_d1,retained,11,1,10,50.0,1,228195,221726,6469,0,0,0.9716514384627183,True,2511,13897
retained_w11_a1_r50_d2,retained,11,1,10,50.0,2,228195,228195,0,0,0,1.0,True,2511,13897
retained_w11_a2_r30_d1,retained,11,2,9,30.0,1,228195,190590,37605,0,0,0.835206731085256,False,4075,54283
retained_w11_a2_r30_d2,retained,11,2,9,30.0,2,228195,222896,5299,0,0,0.9767786323100857,True,4075,54283
retained_w11_a2_r40_d1,retained,11,2,9,40.0,1,228195,211133,17062,0,0,0.9252306141677075,False,3463,25956
retained_w11_a2_r40_d2,retained,11,2,9,40.0,2,228195,226729,1466,0,0,0.9935756699314183,True,3463,25956
retained_w11_a2_r50_d1,retained,11,2,9,50.0,1,228195,218994,9201,0,0,0.9596792217182673,True,2851,16629
retained_w11_a2_r50_d2,retained,11,2,9,50.0,2,228195,228195,0,0,0,1.0,True,2851,16629
retained_w12_a0_r30_d1,retained,12,0,12,30.0,1,228195,211133,17062,0,0,0.9252306141677075,False,3463,25956
retained_w12_a0_r30_d2,retained,12,0,12,30.0,2,228195,226729,1466,0,0,0.9935756699314183,True,3463,25956
retained_w12_a0_r40_d1,retained,12,0,12,40.0,1,228195,220638,7557,0,0,0.966883586406363,True,2647,14985
retained_w12_a0_r40_d2,retained,12,0,12,40.0,2,228195,228195,0,0,0,1.0,True,2647,14985
retained_w12_a0_r50_d1,retained,12,0,12,50.0,1,228195,224578,3617,0,0,0.9841495212427968,True,1920,11045
retained_w12_a0_r50_d2,retained,12,0,12,50.0,2,228195,228195,0,0,0,1.0,True,1920,11045
retained_w12_a1_r30_d1,retained,12,1,11,30.0,1,228195,206496,21699,0,0,0.9049102741076711,False,3667,31832
retained_w12_a1_r30_d2,retained,12,1,11,30.0,2,228195,225802,2393,0,0,0.9895133548061965,True,3667,31832
retained_w12_a1_r40_d1,retained,12,1,11,40.0,1,228195,218370,9825,0,0,0.9569447183330047,True,2919,17253
retained_w12_a1_r40_d2,retained,12,1,11,40.0,2,228195,228195,0,0,0,1.0,True,2919,17253
retained_w12_a1_r50_d1,retained,12,1,11,50.0,1,228195,223476,4719,0,0,0.9793203181489516,True,2171,12147
retained_w12_a1_r50_d2,retained,12,1,11,50.0,2,228195,228195,0,0,0,1.0,True,2171,12147
retained_w12_a2_r30_d1,retained,12,2,10,30.0,1,228195,200456,27739,0,0,0.8784416836477574,False,3871,39504
retained_w12_a2_r30_d2,retained,12,2,10,30.0,2,228195,224578,3617,0,0,0.9841495212427968,True,3871,39504
retained_w12_a2_r40_d1,retained,12,2,10,40.0,1,228195,215307,12888,0,0,0.9435219877736146,False,3191,20787
retained_w12_a2_r40_d2,retained,12,2,10,40.0,2,228195,227724,471,0,0,0.9979359758101624,True,3191,20787
retained_w12_a2_r50_d1,retained,12,2,10,50.0,1,228195,221726,6469,0,0,0.9716514384627183,True,2511,13897
retained_w12_a2_r50_d2,retained,12,2,10,50.0,2,228195,228195,0,0,0,1.0,True,2511,13897
deduplicated_sensitivity_w4_a0_r30_d1,deduplicated_sensitivity,4,0,4,30.0,1,215460,816,183600,31044,0,0.0037872458925090505,False,47746,8909551
deduplicated_sensitivity_w4_a0_r30_d2,deduplicated_sensitivity,4,0,4,30.0,2,215460,1826,182590,31044,0,0.008474890931031282,False,47746,8909551
deduplicated_sensitivity_w4_a0_r40_d1,deduplicated_sensitivity,4,0,4,40.0,1,215460,28685,186775,0,0,0.1331337603267428,False,7602,839713
deduplicated_sensitivity_w4_a0_r40_d2,deduplicated_sensitivity,4,0,4,40.0,2,215460,53696,161764,0,0,0.24921563167177202,False,7602,839713
deduplicated_sensitivity_w4_a0_r50_d1,deduplicated_sensitivity,4,0,4,50.0,1,215460,124089,91371,0,0,0.575925925925926,False,4550,160617
deduplicated_sensitivity_w4_a0_r50_d2,deduplicated_sensitivity,4,0,4,50.0,2,215460,191261,24199,0,0,0.8876868096166342,False,4550,160617
deduplicated_sensitivity_w4_a1_r30_d1,deduplicated_sensitivity,4,1,3,30.0,1,215460,612,137700,77148,0,0.0028404344193817877,False,89469,16198675
deduplicated_sensitivity_w4_a1_r30_d2,deduplicated_sensitivity,4,1,3,30.0,2,215460,1224,137088,77148,0,0.0056808688387635755,False,89469,16198675
deduplicated_sensitivity_w4_a1_r40_d1,deduplicated_sensitivity,4,1,3,40.0,1,215460,816,183600,31044,0,0.0037872458925090505,False,47746,8909551
deduplicated_sensitivity_w4_a1_r40_d2,deduplicated_sensitivity,4,1,3,40.0,2,215460,1826,182590,31044,0,0.008474890931031282,False,47746,8909551
deduplicated_sensitivity_w4_a1_r50_d1,deduplicated_sensitivity,4,1,3,50.0,1,215460,3124,212336,0,0,0.01449921099043906,False,12786,1774507
deduplicated_sensitivity_w4_a1_r50_d2,deduplicated_sensitivity,4,1,3,50.0,2,215460,19332,196128,0,0,0.08972431077694236,False,12786,1774507
deduplicated_sensitivity_w4_a2_r30_d1,deduplicated_sensitivity,4,2,2,30.0,1,215460,408,91800,123252,0,0.0018936229462545252,False,131412,23487799
deduplicated_sensitivity_w4_a2_r30_d2,deduplicated_sensitivity,4,2,2,30.0,2,215460,816,91392,123252,0,0.0037872458925090505,False,131412,23487799
deduplicated_sensitivity_w4_a2_r40_d1,deduplicated_sensitivity,4,2,2,40.0,1,215460,544,122400,92516,0,0.0025248305950060336,False,103409,18628383
deduplicated_sensitivity_w4_a2_r40_d2,deduplicated_sensitivity,4,2,2,40.0,2,215460,1088,121856,92516,0,0.005049661190012067,False,103409,18628383
deduplicated_sensitivity_w4_a2_r50_d1,deduplicated_sensitivity,4,2,2,50.0,1,215460,680,153000,61780,0,0.003156038243757542,False,75529,13768967
deduplicated_sensitivity_w4_a2_r50_d2,deduplicated_sensitivity,4,2,2,50.0,2,215460,1360,152320,61780,0,0.006312076487515084,False,75529,13768967
deduplicated_sensitivity_w5_a0_r30_d1,deduplicated_sensitivity,5,0,5,30.0,1,215460,3124,212336,0,0,0.01449921099043906,False,12786,1774507
deduplicated_sensitivity_w5_a0_r30_d2,deduplicated_sensitivity,5,0,5,30.0,2,215460,19332,196128,0,0,0.08972431077694236,False,12786,1774507
deduplicated_sensitivity_w5_a0_r40_d1,deduplicated_sensitivity,5,0,5,40.0,1,215460,124089,91371,0,0,0.575925925925926,False,4550,160617
deduplicated_sensitivity_w5_a0_r40_d2,deduplicated_sensitivity,5,0,5,40.0,2,215460,191261,24199,0,0,0.8876868096166342,False,4550,160617
deduplicated_sensitivity_w5_a0_r50_d1,deduplicated_sensitivity,5,0,5,50.0,1,215460,175538,39922,0,0,0.8147127076951638,False,4210,59773
deduplicated_sensitivity_w5_a0_r50_d2,deduplicated_sensitivity,5,0,5,50.0,2,215460,208569,6891,0,0,0.9680172653856864,True,4210,59773
deduplicated_sensitivity_w5_a1_r30_d1,deduplicated_sensitivity,5,1,4,30.0,1,215460,816,183600,31044,0,0.0037872458925090505,False,47746,8909551
deduplicated_sensitivity_w5_a1_r30_d2,deduplicated_sensitivity,5,1,4,30.0,2,215460,1826,182590,31044,0,0.008474890931031282,False,47746,8909551
deduplicated_sensitivity_w5_a1_r40_d1,deduplicated_sensitivity,5,1,4,40.0,1,215460,28685,186775,0,0,0.1331337603267428,False,7602,839713
deduplicated_sensitivity_w5_a1_r40_d2,deduplicated_sensitivity,5,1,4,40.0,2,215460,53696,161764,0,0,0.24921563167177202,False,7602,839713
deduplicated_sensitivity_w5_a1_r50_d1,deduplicated_sensitivity,5,1,4,50.0,1,215460,124089,91371,0,0,0.575925925925926,False,4550,160617
deduplicated_sensitivity_w5_a1_r50_d2,deduplicated_sensitivity,5,1,4,50.0,2,215460,191261,24199,0,0,0.8876868096166342,False,4550,160617
deduplicated_sensitivity_w5_a2_r30_d1,deduplicated_sensitivity,5,2,3,30.0,1,215460,612,137700,77148,0,0.0028404344193817877,False,89469,16198675
deduplicated_sensitivity_w5_a2_r30_d2,deduplicated_sensitivity,5,2,3,30.0,2,215460,1224,137088,77148,0,0.0056808688387635755,False,89469,16198675
deduplicated_sensitivity_w5_a2_r40_d1,deduplicated_sensitivity,5,2,3,40.0,1,215460,816,183600,31044,0,0.0037872458925090505,False,47746,8909551
deduplicated_sensitivity_w5_a2_r40_d2,deduplicated_sensitivity,5,2,3,40.0,2,215460,1826,182590,31044,0,0.008474890931031282,False,47746,8909551
deduplicated_sensitivity_w5_a2_r50_d1,deduplicated_sensitivity,5,2,3,50.0,1,215460,3124,212336,0,0,0.01449921099043906,False,12786,1774507
deduplicated_sensitivity_w5_a2_r50_d2,deduplicated_sensitivity,5,2,3,50.0,2,215460,19332,196128,0,0,0.08972431077694236,False,12786,1774507
deduplicated_sensitivity_w6_a0_r30_d1,deduplicated_sensitivity,6,0,6,30.0,1,215460,86007,129453,0,0,0.39917850181008074,False,4686,265470
deduplicated_sensitivity_w6_a0_r30_d2,deduplicated_sensitivity,6,0,6,30.0,2,215460,164243,51217,0,0,0.7622899842198088,False,4686,265470
deduplicated_sensitivity_w6_a0_r40_d1,deduplicated_sensitivity,6,0,6,40.0,1,215460,168194,47266,0,0,0.7806274946625824,False,4278,71957
deduplicated_sensitivity_w6_a0_r40_d2,deduplicated_sensitivity,6,0,6,40.0,2,215460,207265,8195,0,0,0.9619650979300102,True,4278,71957
deduplicated_sensitivity_w6_a0_r50_d1,deduplicated_sensitivity,6,0,6,50.0,1,215460,192774,22686,0,0,0.8947089947089947,False,3870,30205
deduplicated_sensitivity_w6_a0_r50_d2,deduplicated_sensitivity,6,0,6,50.0,2,215460,211844,3616,0,0,0.9832173025155482,True,3870,30205
deduplicated_sensitivity_w6_a1_r30_d1,deduplicated_sensitivity,6,1,5,30.0,1,215460,3124,212336,0,0,0.01449921099043906,False,12786,1774507
deduplicated_sensitivity_w6_a1_r30_d2,deduplicated_sensitivity,6,1,5,30.0,2,215460,19332,196128,0,0,0.08972431077694236,False,12786,1774507
deduplicated_sensitivity_w6_a1_r40_d1,deduplicated_sensitivity,6,1,5,40.0,1,215460,124089,91371,0,0,0.575925925925926,False,4550,160617
deduplicated_sensitivity_w6_a1_r40_d2,deduplicated_sensitivity,6,1,5,40.0,2,215460,191261,24199,0,0,0.8876868096166342,False,4550,160617
deduplicated_sensitivity_w6_a1_r50_d1,deduplicated_sensitivity,6,1,5,50.0,1,215460,175538,39922,0,0,0.8147127076951638,False,4210,59773
deduplicated_sensitivity_w6_a1_r50_d2,deduplicated_sensitivity,6,1,5,50.0,2,215460,208569,6891,0,0,0.9680172653856864,True,4210,59773
deduplicated_sensitivity_w6_a2_r30_d1,deduplicated_sensitivity,6,2,4,30.0,1,215460,816,183600,31044,0,0.0037872458925090505,False,47746,8909551
deduplicated_sensitivity_w6_a2_r30_d2,deduplicated_sensitivity,6,2,4,30.0,2,215460,1826,182590,31044,0,0.008474890931031282,False,47746,8909551
deduplicated_sensitivity_w6_a2_r40_d1,deduplicated_sensitivity,6,2,4,40.0,1,215460,28685,186775,0,0,0.1331337603267428,False,7602,839713
deduplicated_sensitivity_w6_a2_r40_d2,deduplicated_sensitivity,6,2,4,40.0,2,215460,53696,161764,0,0,0.24921563167177202,False,7602,839713
deduplicated_sensitivity_w6_a2_r50_d1,deduplicated_sensitivity,6,2,4,50.0,1,215460,124089,91371,0,0,0.575925925925926,False,4550,160617
deduplicated_sensitivity_w6_a2_r50_d2,deduplicated_sensitivity,6,2,4,50.0,2,215460,191261,24199,0,0,0.8876868096166342,False,4550,160617
deduplicated_sensitivity_w7_a0_r30_d1,deduplicated_sensitivity,7,0,7,30.0,1,215460,137229,78231,0,0,0.636911723753829,False,4482,132310
deduplicated_sensitivity_w7_a0_r30_d2,deduplicated_sensitivity,7,0,7,30.0,2,215460,197457,18003,0,0,0.9164438874965191,False,4482,132310
deduplicated_sensitivity_w7_a0_r40_d1,deduplicated_sensitivity,7,0,7,40.0,1,215460,188599,26861,0,0,0.8753318481388657,False,4006,36126
deduplicated_sensitivity_w7_a0_r40_d2,deduplicated_sensitivity,7,0,7,40.0,2,215460,211028,4432,0,0,0.9794300566230391,True,4006,36126
deduplicated_sensitivity_w7_a0_r50_d1,deduplicated_sensitivity,7,0,7,50.0,1,215460,200701,14759,0,0,0.9315000464123271,False,3530,19719
deduplicated_sensitivity_w7_a0_r50_d2,deduplicated_sensitivity,7,0,7,50.0,2,215460,213723,1737,0,0,0.991938178780284,True,3530,19719
deduplicated_sensitivity_w7_a1_r30_d1,deduplicated_sensitivity,7,1,6,30.0,1,215460,86007,129453,0,0,0.39917850181008074,False,4686,265470
deduplicated_sensitivity_w7_a1_r30_d2,deduplicated_sensitivity,7,1,6,30.0,2,215460,164243,51217,0,0,0.7622899842198088,False,4686,265470
deduplicated_sensitivity_w7_a1_r40_d1,deduplicated_sensitivity,7,1,6,40.0,1,215460,168194,47266,0,0,0.7806274946625824,False,4278,71957
deduplicated_sensitivity_w7_a1_r40_d2,deduplicated_sensitivity,7,1,6,40.0,2,215460,207265,8195,0,0,0.9619650979300102,True,4278,71957
deduplicated_sensitivity_w7_a1_r50_d1,deduplicated_sensitivity,7,1,6,50.0,1,215460,192774,22686,0,0,0.8947089947089947,False,3870,30205
deduplicated_sensitivity_w7_a1_r50_d2,deduplicated_sensitivity,7,1,6,50.0,2,215460,211844,3616,0,0,0.9832173025155482,True,3870,30205
deduplicated_sensitivity_w7_a2_r30_d1,deduplicated_sensitivity,7,2,5,30.0,1,215460,3124,212336,0,0,0.01449921099043906,False,12786,1774507
deduplicated_sensitivity_w7_a2_r30_d2,deduplicated_sensitivity,7,2,5,30.0,2,215460,19332,196128,0,0,0.08972431077694236,False,12786,1774507
deduplicated_sensitivity_w7_a2_r40_d1,deduplicated_sensitivity,7,2,5,40.0,1,215460,124089,91371,0,0,0.575925925925926,False,4550,160617
deduplicated_sensitivity_w7_a2_r40_d2,deduplicated_sensitivity,7,2,5,40.0,2,215460,191261,24199,0,0,0.8876868096166342,False,4550,160617
deduplicated_sensitivity_w7_a2_r50_d1,deduplicated_sensitivity,7,2,5,50.0,1,215460,175538,39922,0,0,0.8147127076951638,False,4210,59773
deduplicated_sensitivity_w7_a2_r50_d2,deduplicated_sensitivity,7,2,5,50.0,2,215460,208569,6891,0,0,0.9680172653856864,True,4210,59773
deduplicated_sensitivity_w8_a0_r30_d1,deduplicated_sensitivity,8,0,8,30.0,1,215460,168194,47266,0,0,0.7806274946625824,False,4278,71957
deduplicated_sensitivity_w8_a0_r30_d2,deduplicated_sensitivity,8,0,8,30.0,2,215460,207265,8195,0,0,0.9619650979300102,True,4278,71957
deduplicated_sensitivity_w8_a0_r40_d1,deduplicated_sensitivity,8,0,8,40.0,1,215460,196239,19221,0,0,0.9107908660540239,False,3734,25652
deduplicated_sensitivity_w8_a0_r40_d2,deduplicated_sensitivity,8,0,8,40.0,2,215460,212660,2800,0,0,0.9870045484080572,True,3734,25652
deduplicated_sensitivity_w8_a0_r50_d1,deduplicated_sensitivity,8,0,8,50.0,1,215460,204756,10704,0,0,0.9503202450570871,True,3190,14357
deduplicated_sensitivity_w8_a0_r50_d2,deduplicated_sensitivity,8,0,8,50.0,2,215460,214990,470,0,0,0.9978186206256382,True,3190,14357
deduplicated_sensitivity_w8_a1_r30_d1,deduplicated_sensitivity,8,1,7,30.0,1,215460,137229,78231,0,0,0.636911723753829,False,4482,132310
deduplicated_sensitivity_w8_a1_r30_d2,deduplicated_sensitivity,8,1,7,30.0,2,215460,197457,18003,0,0,0.9164438874965191,False,4482,132310
deduplicated_sensitivity_w8_a1_r40_d1,deduplicated_sensitivity,8,1,7,40.0,1,215460,188599,26861,0,0,0.8753318481388657,False,4006,36126
deduplicated_sensitivity_w8_a1_r40_d2,deduplicated_sensitivity,8,1,7,40.0,2,215460,211028,4432,0,0,0.9794300566230391,True,4006,36126
deduplicated_sensitivity_w8_a1_r50_d1,deduplicated_sensitivity,8,1,7,50.0,1,215460,200701,14759,0,0,0.9315000464123271,False,3530,19719
deduplicated_sensitivity_w8_a1_r50_d2,deduplicated_sensitivity,8,1,7,50.0,2,215460,213723,1737,0,0,0.991938178780284,True,3530,19719
deduplicated_sensitivity_w8_a2_r30_d1,deduplicated_sensitivity,8,2,6,30.0,1,215460,86007,129453,0,0,0.39917850181008074,False,4686,265470
deduplicated_sensitivity_w8_a2_r30_d2,deduplicated_sensitivity,8,2,6,30.0,2,215460,164243,51217,0,0,0.7622899842198088,False,4686,265470
deduplicated_sensitivity_w8_a2_r40_d1,deduplicated_sensitivity,8,2,6,40.0,1,215460,168194,47266,0,0,0.7806274946625824,False,4278,71957
deduplicated_sensitivity_w8_a2_r40_d2,deduplicated_sensitivity,8,2,6,40.0,2,215460,207265,8195,0,0,0.9619650979300102,True,4278,71957
deduplicated_sensitivity_w8_a2_r50_d1,deduplicated_sensitivity,8,2,6,50.0,1,215460,192774,22686,0,0,0.8947089947089947,False,3870,30205
deduplicated_sensitivity_w8_a2_r50_d2,deduplicated_sensitivity,8,2,6,50.0,2,215460,211844,3616,0,0,0.9832173025155482,True,3870,30205
deduplicated_sensitivity_w9_a0_r30_d1,deduplicated_sensitivity,9,0,9,30.0,1,215460,185304,30156,0,0,0.8600389863547758,False,4074,41974
deduplicated_sensitivity_w9_a0_r30_d2,deduplicated_sensitivity,9,0,9,30.0,2,215460,210439,5021,0,0,0.9766963705560197,True,4074,41974
deduplicated_sensitivity_w9_a0_r40_d1,deduplicated_sensitivity,9,0,9,40.0,1,215460,201670,13790,0,0,0.9359974009096816,False,3462,18438
deduplicated_sensitivity_w9_a0_r40_d2,deduplicated_sensitivity,9,0,9,40.0,2,215460,213995,1465,0,0,0.993200594077787,True,3462,18438
deduplicated_sensitivity_w9_a0_r50_d1,deduplicated_sensitivity,9,0,9,50.0,1,215460,207380,8080,0,0,0.9624988396918222,True,2850,11263
deduplicated_sensitivity_w9_a0_r50_d2,deduplicated_sensitivity,9,0,9,50.0,2,215460,215460,0,0,0,1.0,True,2850,11263
deduplicated_sensitivity_w9_a1_r30_d1,deduplicated_sensitivity,9,1,8,30.0,1,215460,168194,47266,0,0,0.7806274946625824,False,4278,71957
deduplicated_sensitivity_w9_a1_r30_d2,deduplicated_sensitivity,9,1,8,30.0,2,215460,207265,8195,0,0,0.9619650979300102,True,4278,71957
deduplicated_sensitivity_w9_a1_r40_d1,deduplicated_sensitivity,9,1,8,40.0,1,215460,196239,19221,0,0,0.9107908660540239,False,3734,25652
deduplicated_sensitivity_w9_a1_r40_d2,deduplicated_sensitivity,9,1,8,40.0,2,215460,212660,2800,0,0,0.9870045484080572,True,3734,25652
deduplicated_sensitivity_w9_a1_r50_d1,deduplicated_sensitivity,9,1,8,50.0,1,215460,204756,10704,0,0,0.9503202450570871,True,3190,14357
deduplicated_sensitivity_w9_a1_r50_d2,deduplicated_sensitivity,9,1,8,50.0,2,215460,214990,470,0,0,0.9978186206256382,True,3190,14357
deduplicated_sensitivity_w9_a2_r30_d1,deduplicated_sensitivity,9,2,7,30.0,1,215460,137229,78231,0,0,0.636911723753829,False,4482,132310
deduplicated_sensitivity_w9_a2_r30_d2,deduplicated_sensitivity,9,2,7,30.0,2,215460,197457,18003,0,0,0.9164438874965191,False,4482,132310
deduplicated_sensitivity_w9_a2_r40_d1,deduplicated_sensitivity,9,2,7,40.0,1,215460,188599,26861,0,0,0.8753318481388657,False,4006,36126
deduplicated_sensitivity_w9_a2_r40_d2,deduplicated_sensitivity,9,2,7,40.0,2,215460,211028,4432,0,0,0.9794300566230391,True,4006,36126
deduplicated_sensitivity_w9_a2_r50_d1,deduplicated_sensitivity,9,2,7,50.0,1,215460,200701,14759,0,0,0.9315000464123271,False,3530,19719
deduplicated_sensitivity_w9_a2_r50_d2,deduplicated_sensitivity,9,2,7,50.0,2,215460,213723,1737,0,0,0.991938178780284,True,3530,19719
deduplicated_sensitivity_w10_a0_r30_d1,deduplicated_sensitivity,10,0,10,30.0,1,215460,192774,22686,0,0,0.8947089947089947,False,3870,30205
deduplicated_sensitivity_w10_a0_r30_d2,deduplicated_sensitivity,10,0,10,30.0,2,215460,211844,3616,0,0,0.9832173025155482,True,3870,30205
deduplicated_sensitivity_w10_a0_r40_d1,deduplicated_sensitivity,10,0,10,40.0,1,215460,204756,10704,0,0,0.9503202450570871,True,3190,14357
deduplicated_sensitivity_w10_a0_r40_d2,deduplicated_sensitivity,10,0,10,40.0,2,215460,214990,470,0,0,0.9978186206256382,True,3190,14357
deduplicated_sensitivity_w10_a0_r50_d1,deduplicated_sensitivity,10,0,10,50.0,1,215460,209430,6030,0,0,0.9720133667502089,True,2510,9213
deduplicated_sensitivity_w10_a0_r50_d2,deduplicated_sensitivity,10,0,10,50.0,2,215460,215460,0,0,0,1.0,True,2510,9213
deduplicated_sensitivity_w10_a1_r30_d1,deduplicated_sensitivity,10,1,9,30.0,1,215460,185304,30156,0,0,0.8600389863547758,False,4074,41974
deduplicated_sensitivity_w10_a1_r30_d2,deduplicated_sensitivity,10,1,9,30.0,2,215460,210439,5021,0,0,0.9766963705560197,True,4074,41974
deduplicated_sensitivity_w10_a1_r40_d1,deduplicated_sensitivity,10,1,9,40.0,1,215460,201670,13790,0,0,0.9359974009096816,False,3462,18438
deduplicated_sensitivity_w10_a1_r40_d2,deduplicated_sensitivity,10,1,9,40.0,2,215460,213995,1465,0,0,0.993200594077787,True,3462,18438
deduplicated_sensitivity_w10_a1_r50_d1,deduplicated_sensitivity,10,1,9,50.0,1,215460,207380,8080,0,0,0.9624988396918222,True,2850,11263
deduplicated_sensitivity_w10_a1_r50_d2,deduplicated_sensitivity,10,1,9,50.0,2,215460,215460,0,0,0,1.0,True,2850,11263
deduplicated_sensitivity_w10_a2_r30_d1,deduplicated_sensitivity,10,2,8,30.0,1,215460,168194,47266,0,0,0.7806274946625824,False,4278,71957
deduplicated_sensitivity_w10_a2_r30_d2,deduplicated_sensitivity,10,2,8,30.0,2,215460,207265,8195,0,0,0.9619650979300102,True,4278,71957
deduplicated_sensitivity_w10_a2_r40_d1,deduplicated_sensitivity,10,2,8,40.0,1,215460,196239,19221,0,0,0.9107908660540239,False,3734,25652
deduplicated_sensitivity_w10_a2_r40_d2,deduplicated_sensitivity,10,2,8,40.0,2,215460,212660,2800,0,0,0.9870045484080572,True,3734,25652
deduplicated_sensitivity_w10_a2_r50_d1,deduplicated_sensitivity,10,2,8,50.0,1,215460,204756,10704,0,0,0.9503202450570871,True,3190,14357
deduplicated_sensitivity_w10_a2_r50_d2,deduplicated_sensitivity,10,2,8,50.0,2,215460,214990,470,0,0,0.9978186206256382,True,3190,14357
deduplicated_sensitivity_w11_a0_r30_d1,deduplicated_sensitivity,11,0,11,30.0,1,215460,197883,17577,0,0,0.9184210526315789,False,3666,23464
deduplicated_sensitivity_w11_a0_r30_d2,deduplicated_sensitivity,11,0,11,30.0,2,215460,213068,2392,0,0,0.9888981713543117,True,3666,23464
deduplicated_sensitivity_w11_a0_r40_d1,deduplicated_sensitivity,11,0,11,40.0,1,215460,206904,8556,0,0,0.9602896129211919,True,2918,11739
deduplicated_sensitivity_w11_a0_r40_d2,deduplicated_sensitivity,11,0,11,40.0,2,215460,215460,0,0,0,1.0,True,2918,11739
deduplicated_sensitivity_w11_a0_r50_d1,deduplicated_sensitivity,11,0,11,50.0,1,215460,210824,4636,0,0,0.9784832451499118,True,2170,7819
deduplicated_sensitivity_w11_a0_r50_d2,deduplicated_sensitivity,11,0,11,50.0,2,215460,215460,0,0,0,1.0,True,2170,7819
deduplicated_sensitivity_w11_a1_r30_d1,deduplicated_sensitivity,11,1,10,30.0,1,215460,192774,22686,0,0,0.8947089947089947,False,3870,30205
deduplicated_sensitivity_w11_a1_r30_d2,deduplicated_sensitivity,11,1,10,30.0,2,215460,211844,3616,0,0,0.9832173025155482,True,3870,30205
deduplicated_sensitivity_w11_a1_r40_d1,deduplicated_sensitivity,11,1,10,40.0,1,215460,204756,10704,0,0,0.9503202450570871,True,3190,14357
deduplicated_sensitivity_w11_a1_r40_d2,deduplicated_sensitivity,11,1,10,40.0,2,215460,214990,470,0,0,0.9978186206256382,True,3190,14357
deduplicated_sensitivity_w11_a1_r50_d1,deduplicated_sensitivity,11,1,10,50.0,1,215460,209430,6030,0,0,0.9720133667502089,True,2510,9213
deduplicated_sensitivity_w11_a1_r50_d2,deduplicated_sensitivity,11,1,10,50.0,2,215460,215460,0,0,0,1.0,True,2510,9213
deduplicated_sensitivity_w11_a2_r30_d1,deduplicated_sensitivity,11,2,9,30.0,1,215460,185304,30156,0,0,0.8600389863547758,False,4074,41974
deduplicated_sensitivity_w11_a2_r30_d2,deduplicated_sensitivity,11,2,9,30.0,2,215460,210439,5021,0,0,0.9766963705560197,True,4074,41974
deduplicated_sensitivity_w11_a2_r40_d1,deduplicated_sensitivity,11,2,9,40.0,1,215460,201670,13790,0,0,0.9359974009096816,False,3462,18438
deduplicated_sensitivity_w11_a2_r40_d2,deduplicated_sensitivity,11,2,9,40.0,2,215460,213995,1465,0,0,0.993200594077787,True,3462,18438
deduplicated_sensitivity_w11_a2_r50_d1,deduplicated_sensitivity,11,2,9,50.0,1,215460,207380,8080,0,0,0.9624988396918222,True,2850,11263
deduplicated_sensitivity_w11_a2_r50_d2,deduplicated_sensitivity,11,2,9,50.0,2,215460,215460,0,0,0,1.0,True,2850,11263
deduplicated_sensitivity_w12_a0_r30_d1,deduplicated_sensitivity,12,0,12,30.0,1,215460,201670,13790,0,0,0.9359974009096816,False,3462,18438
deduplicated_sensitivity_w12_a0_r30_d2,deduplicated_sensitivity,12,0,12,30.0,2,215460,213995,1465,0,0,0.993200594077787,True,3462,18438
deduplicated_sensitivity_w12_a0_r40_d1,deduplicated_sensitivity,12,0,12,40.0,1,215460,208614,6846,0,0,0.9682261208576998,True,2646,10029
deduplicated_sensitivity_w12_a0_r40_d2,deduplicated_sensitivity,12,0,12,40.0,2,215460,215460,0,0,0,1.0,True,2646,10029
deduplicated_sensitivity_w12_a0_r50_d1,deduplicated_sensitivity,12,0,12,50.0,1,215460,211844,3616,0,0,0.9832173025155482,True,1830,6799
deduplicated_sensitivity_w12_a0_r50_d2,deduplicated_sensitivity,12,0,12,50.0,2,215460,215460,0,0,0,1.0,True,1830,6799
deduplicated_sensitivity_w12_a1_r30_d1,deduplicated_sensitivity,12,1,11,30.0,1,215460,197883,17577,0,0,0.9184210526315789,False,3666,23464
deduplicated_sensitivity_w12_a1_r30_d2,deduplicated_sensitivity,12,1,11,30.0,2,215460,213068,2392,0,0,0.9888981713543117,True,3666,23464
deduplicated_sensitivity_w12_a1_r40_d1,deduplicated_sensitivity,12,1,11,40.0,1,215460,206904,8556,0,0,0.9602896129211919,True,2918,11739
deduplicated_sensitivity_w12_a1_r40_d2,deduplicated_sensitivity,12,1,11,40.0,2,215460,215460,0,0,0,1.0,True,2918,11739
deduplicated_sensitivity_w12_a1_r50_d1,deduplicated_sensitivity,12,1,11,50.0,1,215460,210824,4636,0,0,0.9784832451499118,True,2170,7819
deduplicated_sensitivity_w12_a1_r50_d2,deduplicated_sensitivity,12,1,11,50.0,2,215460,215460,0,0,0,1.0,True,2170,7819
deduplicated_sensitivity_w12_a2_r30_d1,deduplicated_sensitivity,12,2,10,30.0,1,215460,192774,22686,0,0,0.8947089947089947,False,3870,30205
deduplicated_sensitivity_w12_a2_r30_d2,deduplicated_sensitivity,12,2,10,30.0,2,215460,211844,3616,0,0,0.9832173025155482,True,3870,30205
deduplicated_sensitivity_w12_a2_r40_d1,deduplicated_sensitivity,12,2,10,40.0,1,215460,204756,10704,0,0,0.9503202450570871,True,3190,14357
deduplicated_sensitivity_w12_a2_r40_d2,deduplicated_sensitivity,12,2,10,40.0,2,215460,214990,470,0,0,0.9978186206256382,True,3190,14357
deduplicated_sensitivity_w12_a2_r50_d1,deduplicated_sensitivity,12,2,10,50.0,1,215460,209430,6030,0,0,0.9720133667502089,True,2510,9213
deduplicated_sensitivity_w12_a2_r50_d2,deduplicated_sensitivity,12,2,10,50.0,2,215460,215460,0,0,0,1.0,True,2510,9213
