source_line,order_id,units,wave
10505,122049,1,42462
15363,120131,5,42062
15366,120131,5,42061
15367,120131,5,42061
15368,120131,5,42061
15370,120131,5,42060
15372,120131,5,42060
15373,120131,5,42060
15375,120131,5,42059
15376,120131,5,42059
15377,120131,5,42059
15378,120131,5,42059
15380,120131,5,42058
15381,120131,5,42058
15382,120131,5,42058
15383,120131,5,42058
15386,120131,5,42057
15387,120131,5,42057
15388,120131,5,42057
15390,120131,5,42056
15391,120131,5,42056
15392,120131,5,42056
15393,120131,5,42056
15395,120131,5,42055
15396,120131,5,42055
15397,120131,5,42055
15398,120131,5,42055
15400,120131,5,42054
15402,120131,5,42054
15403,120131,5,42054
15405,120131,5,42053
15406,120131,5,42053
15407,120131,5,42053
15410,120131,5,42052
15411,120131,5,42052
15412,120131,5,42052
15413,120131,5,42052
15415,120131,5,42051
15416,120131,5,42051
15417,120131,5,42051
15418,120131,5,42051
15420,120131,5,42050
15422,120131,5,42050
15423,120131,5,42050
15425,120131,5,42049
15426,120131,5,42049
15427,120131,5,42049
15428,120131,5,42049
15430,120131,5,42048
15431,120131,5,42048
15432,120131,5,42048
15433,120131,5,42048
15435,120131,5,42047
15436,120131,5,42047
15437,120131,5,42047
15438,120131,5,42047
15441,120131,5,42046
15442,120131,5,42046
15443,120131,5,42046
15445,120131,5,42045
15446,120131,5,42045
15448,120131,5,42045
15450,120131,5,42044
15451,120131,5,42044
15452,120131,5,42044
15453,120131,5,42044
15455,120131,5,42043
15456,120131,5,42043
15457,120131,5,42043
15458,120131,5,42043
15460,120131,5,42042
15462,120131,5,42042
15463,120131,5,42042
15466,120131,5,42041
15467,120131,5,42041
15468,120131,5,42041
15471,120130,5,42040
15472,120130,5,42040
15473,120130,5,42040
15474,120130,5,42040
15476,120130,5,42039
15477,120130,5,42039
15478,120130,5,42039
15479,120130,5,42039
15481,120130,5,42038
15482,120130,5,42038
15483,120130,5,42038
15484,120130,5,42038
15487,120130,5,42037
15488,120130,5,42037
15489,120130,5,42037
15491,120130,5,42036
15492,120130,5,42036
15493,120130,5,42036
15494,120130,5,42036
15496,120130,5,42035
15497,120130,5,42035
15498,120130,5,42035
15499,120130,5,42035
15501,120130,5,42034
15502,120130,5,42034
15503,120130,5,42034
15504,120130,5,42034
15506,120130,5,42033
15507,120130,5,42033
15508,120130,5,42033
15509,120130,5,42033
15511,120130,5,42032
15512,120130,5,42032
15513,120130,5,42032
15514,120130,5,42032
15516,120130,5,42031
15517,120130,5,42031
15518,120130,5,42031
15519,120130,5,42031
15521,120130,5,42030
15522,120130,5,42030
15523,120130,5,42030
15524,120130,5,42030
15526,120130,5,42029
15527,120130,5,42029
15528,120130,5,42029
15529,120130,5,42029
15531,120130,5,42028
15532,120130,5,42028
15534,120130,5,42028
15536,120130,5,42027
15537,120130,5,42027
15538,120130,5,42027
15539,120130,5,42027
15541,120130,5,42026
15542,120130,5,42026
15544,120130,5,42026
15546,120130,5,42025
15547,120130,5,42025
15548,120130,5,42025
15549,120130,5,42025
15551,120130,5,42024
15552,120130,5,42024
15553,120130,5,42024
15554,120130,5,42024
15556,120130,5,42023
15557,120130,5,42023
15558,120130,5,42023
15559,120130,5,42023
15561,120130,5,42022
15562,120130,5,42022
15563,120130,5,42022
15564,120130,5,42022
15566,120130,5,42021
15567,120130,5,42021
15568,120130,5,42021
15569,120130,5,42021
15572,120130,5,42020
15573,120130,5,42020
15574,120130,5,42020
15576,120130,5,42019
15577,120130,5,42019
15578,120130,5,42019
15579,120130,5,42019
15581,120130,5,42018
15582,120130,5,42018
15583,120130,5,42018
15584,120130,5,42018
15586,120130,5,42017
15587,120130,5,42017
15588,120130,5,42017
15589,120130,5,42017
15591,120130,5,42016
15592,120130,5,42016
15593,120130,5,42016
15594,120130,5,42016
15596,120130,5,42015
15597,120130,5,42015
15599,120130,5,42015
15601,120130,5,42014
15602,120130,5,42014
15603,120130,5,42014
15604,120130,5,42014
15606,120130,5,42013
15607,120130,5,42013
15608,120130,5,42013
15609,120130,5,42013
15611,120130,5,42012
15612,120130,5,42012
15613,120130,5,42012
15614,120130,5,42012
15616,120130,5,42011
15617,120130,5,42011
15618,120130,5,42011
15621,120130,5,42010
15622,120130,5,42010
15623,120130,5,42010
15624,120130,5,42010
15626,120130,5,42009
15627,120130,5,42009
15628,120130,5,42009
15629,120130,5,42009
15631,120130,5,42008
15632,120130,5,42008
15633,120130,5,42008
15634,120130,5,42008
15636,120130,5,42007
15637,120130,5,42007
15638,120130,5,42007
15639,120130,5,42007
15641,120130,5,42006
15642,120130,5,42006
15643,120130,5,42006
15644,120130,5,42006
15646,120130,5,42005
15647,120130,5,42005
15648,120130,5,42005
15649,120130,5,42005
15651,120130,5,42004
15653,120130,5,42004
15654,120130,5,42004
15656,120130,5,42003
15657,120130,5,42003
15658,120130,5,42003
15659,120130,5,42003
15661,120130,5,42002
15662,120130,5,42002
15663,120130,5,42002
15664,120130,5,42002
15666,120130,5,42001
15667,120130,5,42001
15668,120130,5,42001
15669,120130,5,42001
15671,120130,5,42000
15672,120130,5,42000
15673,120130,5,42000
15676,120130,5,41999
15677,120130,5,41999
15678,120130,5,41999
15679,120130,5,41999
15681,120130,5,41998
15682,120130,5,41998
15683,120130,5,41998
15684,120130,5,41998
15686,120130,5,41997
15687,120130,5,41997
15689,120130,5,41997
15691,120130,5,41996
15692,120130,5,41996
15693,120130,5,41996
15694,120130,5,41996
15696,120130,5,41995
15697,120130,5,41995
15698,120130,5,41995
15699,120130,5,41995
15701,120130,5,41994
15702,120130,5,41994
15703,120130,5,41994
15704,120130,5,41994
15706,120130,5,41993
15707,120130,5,41993
15708,120130,5,41993
15709,120130,5,41993
15711,120130,5,41992
15712,120130,5,41992
15713,120130,5,41992
15714,120130,5,41992
15716,120130,5,41991
15717,120130,5,41991
15719,120130,5,41991
15721,120130,5,41990
15722,120130,5,41990
15723,120130,5,41990
15724,120130,5,41990
15727,120130,5,41989
15728,120130,5,41989
15729,120130,5,41989
15731,120130,5,41988
15732,120130,5,41988
15733,120130,5,41988
15734,120130,5,41988
15736,120130,5,41987
15737,120130,5,41987
15739,120130,5,41987
15742,120130,5,41986
15744,120130,5,41986
17972,119646,5,41836
17973,119646,5,41836
17974,119646,5,41836
17976,119646,5,41835
17977,119646,5,41835
17978,119646,5,41835
17981,119646,5,41834
17982,119646,5,41834
17983,119646,5,41834
17984,119646,5,41834
17986,119646,5,41833
17988,119646,5,41833
17989,119646,5,41833
17991,119646,5,41832
17992,119646,5,41832
17993,119646,5,41832
17994,119646,5,41832
17996,119646,5,41831
17997,119646,5,41831
17998,119646,5,41831
17999,119646,5,41831
18001,119646,5,41830
18002,119646,5,41830
18003,119646,5,41830
18004,119646,5,41830
18006,119646,5,41829
18007,119646,5,41829
18008,119646,5,41829
18009,119646,5,41829
18011,119646,5,41828
18012,119646,5,41828
18013,119646,5,41828
18014,119646,5,41828
18016,119646,5,41827
18017,119646,5,41827
18018,119646,5,41827
18021,119646,5,41826
18022,119646,5,41826
18023,119646,5,41826
18024,119646,5,41826
18026,119646,5,41825
18028,119646,5,41825
18029,119646,5,41825
18031,119646,5,41824
18032,119646,5,41824
18033,119646,5,41824
18034,119646,5,41824
18036,119646,5,41823
18037,119646,5,41823
18038,119646,5,41823
18039,119646,5,41823
18041,119646,5,41822
18042,119646,5,41822
18044,119646,5,41822
18046,119646,5,41821
18047,119646,5,41821
18048,119646,5,41821
18049,119646,5,41821
18052,119646,5,41820
18053,119646,5,41820
18054,119646,5,41820
18056,119646,5,41819
18057,119646,5,41819
18058,119646,5,41819
18059,119646,5,41819
18061,119646,5,41818
18062,119646,5,41818
18063,119646,5,41818
18064,119646,5,41818
18066,119646,5,41817
18067,119646,5,41817
18068,119646,5,41817
18069,119646,5,41817
18071,119646,5,41816
18072,119646,5,41816
18073,119646,5,41816
18074,119646,5,41816
18076,119646,5,41815
18077,119646,5,41815
18078,119646,5,41815
18079,119646,5,41815
18081,119646,5,41814
18082,119646,5,41814
18083,119646,5,41814
18084,119646,5,41814
18086,119646,5,41813
18087,119646,5,41813
18088,119646,5,41813
18089,119646,5,41813
18091,119646,5,41812
18092,119646,5,41812
18093,119646,5,41812
18094,119646,5,41812
18096,119646,5,41811
18097,119646,5,41811
18098,119646,5,41811
18099,119646,5,41811
18101,119646,5,41810
18102,119646,5,41810
18103,119646,5,41810
18104,119646,5,41810
18106,119646,5,41809
18107,119646,5,41809
18108,119646,5,41809
18109,119646,5,41809
18111,119646,5,41808
18112,119646,5,41808
18113,119646,5,41808
18114,119646,5,41808
18116,119646,5,41807
18117,119646,5,41807
18118,119646,5,41807
18119,119646,5,41807
18121,119646,5,41806
18122,119646,5,41806
18124,119646,5,41806
18126,119646,5,41805
18127,119646,5,41805
18128,119646,5,41805
18129,119646,5,41805
18132,119646,5,41804
18133,119646,5,41804
18134,119646,5,41804
18136,119646,5,41803
18137,119646,5,41803
18138,119646,5,41803
18141,119646,5,41802
18142,119646,5,41802
18143,119646,5,41802
18144,119646,5,41802
18146,119646,5,41801
18148,119646,5,41801
18149,119646,5,41801
18151,119646,5,41800
18152,119646,5,41800
18153,119646,5,41800
18154,119646,5,41800
18156,119646,5,41799
18157,119646,5,41799
18158,119646,5,41799
18159,119646,5,41799
18161,119646,5,41798
18162,119646,5,41798
18163,119646,5,41798
18164,119646,5,41798
18166,119646,5,41797
18167,119646,5,41797
18168,119646,5,41797
18169,119646,5,41797
18171,119646,5,41796
18172,119646,5,41796
18173,119646,5,41796
18174,119646,5,41796
18176,119646,5,41795
18177,119646,5,41795
18178,119646,5,41795
18179,119646,5,41795
18181,119646,5,41794
18182,119646,5,41794
18183,119646,5,41794
18184,119646,5,41794
18186,119646,5,41793
18188,119646,5,41793
18189,119646,5,41793
18191,119646,5,41792
18192,119646,5,41792
18193,119646,5,41792
18194,119646,5,41792
18196,119646,5,41791
18197,119646,5,41791
18198,119646,5,41791
18199,119646,5,41791
18201,119646,5,41790
18202,119646,5,41790
18204,119646,5,41790
18206,119646,5,41789
18207,119646,5,41789
18208,119646,5,41789
18209,119646,5,41789
18212,119646,5,41788
18213,119646,5,41788
18214,119646,5,41788
18216,119646,5,41787
18217,119646,5,41787
18218,119646,5,41787
18221,119646,5,41786
18222,119646,5,41786
18223,119646,5,41786
18224,119646,5,41786
18226,119646,5,41785
18227,119646,5,41785
18228,119646,5,41785
18229,119646,5,41785
18231,119646,5,41784
18232,119646,5,41784
18233,119646,5,41784
18234,119646,5,41784
18236,119646,5,41783
18237,119646,5,41783
18238,119646,5,41783
18239,119646,5,41783
18241,119646,5,41782
18242,119646,5,41782
18244,119646,5,41782
18246,119646,5,41781
18247,119646,5,41781
18248,119646,5,41781
18249,119646,5,41781
18252,119646,5,41780
18253,119646,5,41780
18254,119646,5,41780
18256,119646,5,41779
18257,119646,5,41779
18258,119646,5,41779
18261,119646,5,41778
18262,119646,5,41778
18263,119646,5,41778
18264,119646,5,41778
18266,119646,5,41777
18267,119646,5,41777
18268,119646,5,41777
18269,119646,5,41777
18271,119646,5,41776
18272,119646,5,41776
18273,119646,5,41776
18274,119646,5,41776
18276,119646,5,41775
18277,119646,5,41775
18278,119646,5,41775
18279,119646,5,41775
18281,119646,5,41774
18282,119646,5,41774
18284,119646,5,41774
18286,119646,5,41773
18287,119646,5,41773
18288,119646,5,41773
18289,119646,5,41773
18292,119646,5,41772
18293,119646,5,41772
18294,119646,5,41772
18296,119646,5,41771
18297,119646,5,41771
18298,119646,5,41771
18299,119646,5,41771
18301,119646,5,41770
18302,119646,5,41770
18303,119646,5,41770
18304,119646,5,41770
18306,119646,5,41769
18307,119646,5,41769
18308,119646,5,41769
18309,119646,5,41769
18311,119646,5,41768
18312,119646,5,41768
18313,119646,5,41768
18314,119646,5,41768
18316,119646,5,41767
18317,119646,5,41767
18318,119646,5,41767
18319,119646,5,41767
18321,119646,5,41766
18322,119646,5,41766
18323,119646,5,41766
18324,119646,5,41766
18326,119646,5,41765
18327,119646,5,41765
18328,119646,5,41765
18329,119646,5,41765
18331,119646,5,41764
18332,119646,5,41764
18333,119646,5,41764
18334,119646,5,41764
18336,119646,5,41763
18337,119646,5,41763
18338,119646,5,41763
18341,119646,5,41762
18342,119646,5,41762
18343,119646,5,41762
18344,119646,5,41762
18346,119646,5,41761
18348,119646,5,41761
18349,119646,5,41761
18351,119646,5,41760
18352,119646,5,41760
18353,119646,5,41760
18354,119646,5,41760
25328,117631,5,41197
25330,117631,5,41197
25331,117631,5,41197
25334,117631,5,41196
25335,117631,5,41196
25336,117631,5,41196
25339,117631,5,41195
25340,117631,5,41195
25341,117631,5,41195
25343,117631,5,41194
25344,117631,5,41194
25345,117631,5,41194
25349,117631,5,41193
25350,117631,5,41193
25353,117631,5,41192
25355,117631,5,41192
38683,112995,1,40165
44018,111476,5,39737
44019,111476,5,39737
44022,111476,5,39736
44023,111476,5,39736
44027,111476,5,39735
44028,111476,5,39735
44029,111476,5,39735
44030,111476,5,39735
44032,111476,5,39734
44033,111476,5,39734
44035,111476,5,39734
44037,111476,5,39733
44038,111476,5,39733
44040,111476,5,39733
44042,111476,5,39732
44043,111476,5,39732
44044,111476,5,39732
44045,111476,5,39732
44047,111476,5,39731
44048,111476,5,39731
44049,111476,5,39731
44050,111476,5,39731
44052,111476,5,39730
44053,111476,5,39730
44054,111476,5,39730
44055,111476,5,39730
44057,111476,5,39729
44058,111476,5,39729
44060,111476,5,39729
44062,111476,5,39728
44063,111476,5,39728
44064,111476,5,39728
44065,111476,5,39728
44067,111476,5,39727
44068,111476,5,39727
44069,111476,5,39727
44070,111476,5,39727
44072,111476,5,39726
44073,111476,5,39726
44074,111476,5,39726
44075,111476,5,39726
44077,111476,5,39725
44078,111476,5,39725
44079,111476,5,39725
44080,111476,5,39725
44082,111476,5,39724
44083,111476,5,39724
44084,111476,5,39724
44085,111476,5,39724
44087,111476,5,39723
44088,111476,5,39723
44089,111476,5,39723
44090,111476,5,39723
44092,111476,5,39722
44093,111476,5,39722
44094,111476,5,39722
44095,111476,5,39722
44097,111476,5,39721
44098,111476,5,39721
44099,111476,5,39721
44100,111476,5,39721
44102,111476,5,39720
44103,111476,5,39720
44104,111476,5,39720
44105,111476,5,39720
44107,111476,5,39719
44108,111476,5,39719
44109,111476,5,39719
44110,111476,5,39719
44112,111476,5,39718
44113,111476,5,39718
44114,111476,5,39718
44115,111476,5,39718
44117,111476,5,39717
44118,111476,5,39717
44119,111476,5,39717
44120,111476,5,39717
44123,111476,5,39716
44124,111476,5,39716
44125,111476,5,39716
44127,111476,5,39715
44128,111476,5,39715
44129,111476,5,39715
44130,111476,5,39715
44132,111476,5,39714
44133,111476,5,39714
44134,111476,5,39714
44135,111476,5,39714
44137,111476,5,39713
44138,111476,5,39713
44139,111476,5,39713
44140,111476,5,39713
44142,111476,5,39712
44143,111476,5,39712
44144,111476,5,39712
44145,111476,5,39712
44147,111476,5,39711
44148,111476,5,39711
44149,111476,5,39711
44150,111476,5,39711
44152,111476,5,39710
44153,111476,5,39710
44154,111476,5,39710
44155,111476,5,39710
44157,111476,5,39709
44158,111476,5,39709
44159,111476,5,39709
44160,111476,5,39709
44162,111476,5,39708
44163,111476,5,39708
44164,111476,5,39708
44165,111476,5,39708
44167,111476,5,39707
44168,111476,5,39707
44169,111476,5,39707
44170,111476,5,39707
44172,111476,5,39706
44173,111476,5,39706
44174,111476,5,39706
44175,111476,5,39706
44177,111476,5,39705
44178,111476,5,39705
44179,111476,5,39705
44180,111476,5,39705
44182,111476,5,39704
44183,111476,5,39704
44184,111476,5,39704
44185,111476,5,39704
44187,111476,5,39703
44188,111476,5,39703
44190,111476,5,39703
44192,111476,5,39702
44193,111476,5,39702
44194,111476,5,39702
44195,111476,5,39702
44197,111476,5,39701
44198,111476,5,39701
44199,111476,5,39701
44200,111476,5,39701
44202,111476,5,39700
44203,111476,5,39700
44204,111476,5,39700
44205,111476,5,39700
44207,111476,5,39699
44208,111476,5,39699
44209,111476,5,39699
44210,111476,5,39699
44212,111476,5,39698
44213,111476,5,39698
44214,111476,5,39698
44215,111476,5,39698
44217,111476,5,39697
44218,111476,5,39697
44219,111476,5,39697
44220,111476,5,39697
44223,111476,5,39696
44224,111476,5,39696
44225,111476,5,39696
44227,111476,5,39695
44229,111476,5,39695
44232,111476,5,39694
44233,111476,5,39694
44235,111476,5,39694
44237,111476,5,39693
44238,111476,5,39693
44239,111476,5,39693
44240,111476,5,39693
44242,111476,5,39692
44243,111476,5,39692
44244,111476,5,39692
44245,111476,5,39692
44247,111476,5,39691
44248,111476,5,39691
44249,111476,5,39691
44250,111476,5,39691
44252,111476,5,39690
44253,111476,5,39690
44254,111476,5,39690
44255,111476,5,39690
44257,111476,5,39689
44258,111476,5,39689
44259,111476,5,39689
44260,111476,5,39689
44262,111476,5,39688
44263,111476,5,39688
44264,111476,5,39688
44265,111476,5,39688
44267,111476,5,39687
44268,111476,5,39687
44269,111476,5,39687
44270,111476,5,39687
44272,111476,5,39686
44273,111476,5,39686
44274,111476,5,39686
44278,111476,5,39685
44279,111476,5,39685
44282,111476,5,39684
44284,111476,5,39684
44287,111476,5,39683
44288,111476,5,39683
44289,111476,5,39683
44290,111476,5,39683
44292,111476,5,39682
44293,111476,5,39682
44294,111476,5,39682
44295,111476,5,39682
44297,111476,5,39681
44298,111476,5,39681
44299,111476,5,39681
44302,111476,5,39680
44303,111476,5,39680
44304,111476,5,39680
44305,111476,5,39680
44307,111476,5,39679
44308,111476,5,39679
44309,111476,5,39679
44310,111476,5,39679
44312,111476,5,39678
44313,111476,5,39678
44314,111476,5,39678
44315,111476,5,39678
44317,111476,5,39677
44318,111476,5,39677
44319,111476,5,39677
44320,111476,5,39677
44322,111476,5,39676
44323,111476,5,39676
44325,111476,5,39676
44327,111476,5,39675
44328,111476,5,39675
44329,111476,5,39675
44330,111476,5,39675
44332,111476,5,39674
44333,111476,5,39674
44334,111476,5,39674
44335,111476,5,39674
44337,111476,5,39673
44338,111476,5,39673
44339,111476,5,39673
44340,111476,5,39673
44342,111476,5,39672
44343,111476,5,39672
44344,111476,5,39672
44345,111476,5,39672
44347,111476,5,39671
44348,111476,5,39671
44349,111476,5,39671
44350,111476,5,39671
44352,111476,5,39670
44353,111476,5,39670
44355,111476,5,39670
44357,111476,5,39669
44358,111476,5,39669
44359,111476,5,39669
44362,111476,5,39668
44363,111476,5,39668
44364,111476,5,39668
44365,111476,5,39668
44367,111476,5,39667
44368,111476,5,39667
44369,111476,5,39667
44370,111476,5,39667
44372,111476,5,39666
44373,111476,5,39666
44374,111476,5,39666
44375,111476,5,39666
44377,111476,5,39665
44378,111476,5,39665
44379,111476,5,39665
44380,111476,5,39665
44382,111476,5,39664
44383,111476,5,39664
44384,111476,5,39664
44387,111476,5,39663
44388,111476,5,39663
44389,111476,5,39663
44392,111476,5,39662
44397,111476,5,39661
44398,111476,5,39661
44399,111476,5,39661
44400,111476,5,39661
48074,110346,1,39357
48214,110268,5,39348
48215,110268,5,39348
48216,110268,5,39348
48217,110268,5,39348
48219,110268,5,39347
48220,110268,5,39347
48221,110268,5,39347
48222,110268,5,39347
48224,110268,5,39346
48225,110268,5,39346
48226,110268,5,39346
48229,110268,5,39345
48230,110268,5,39345
48231,110268,5,39345
48232,110268,5,39345
48234,110268,5,39344
48235,110268,5,39344
48236,110268,5,39344
48237,110268,5,39344
48239,110268,5,39343
48240,110268,5,39343
48241,110268,5,39343
48242,110268,5,39343
48244,110268,5,39342
48245,110268,5,39342
48246,110268,5,39342
48247,110268,5,39342
48250,110268,5,39341
48251,110268,5,39341
48252,110268,5,39341
48254,110268,5,39340
48255,110268,5,39340
48256,110268,5,39340
48257,110268,5,39340
48259,110268,5,39339
48260,110268,5,39339
48261,110268,5,39339
48262,110268,5,39339
48264,110268,5,39338
48265,110268,5,39338
48266,110268,5,39338
48267,110268,5,39338
48269,110268,5,39337
48271,110268,5,39337
48272,110268,5,39337
48274,110268,5,39336
48275,110268,5,39336
48276,110268,5,39336
48277,110268,5,39336
48279,110268,5,39335
48280,110268,5,39335
48282,110268,5,39335
48284,110268,5,39334
48285,110268,5,39334
48286,110268,5,39334
48289,110268,5,39333
48290,110268,5,39333
48291,110268,5,39333
48292,110268,5,39333
48294,110268,5,39332
48295,110268,5,39332
48296,110268,5,39332
48297,110268,5,39332
48299,110268,5,39331
48300,110268,5,39331
48301,110268,5,39331
48302,110268,5,39331
48304,110268,5,39330
48305,110268,5,39330
48307,110268,5,39330
48309,110268,5,39329
48310,110268,5,39329
48311,110268,5,39329
48312,110268,5,39329
48314,110268,5,39328
48315,110268,5,39328
48316,110268,5,39328
48317,110268,5,39328
48319,110268,5,39327
48320,110268,5,39327
48321,110268,5,39327
48322,110268,5,39327
48324,110268,5,39326
48325,110268,5,39326
48326,110268,5,39326
48327,110268,5,39326
48329,110268,5,39325
48330,110268,5,39325
48331,110268,5,39325
48332,110268,5,39325
48334,110268,5,39324
48336,110268,5,39324
48337,110268,5,39324
48339,110268,5,39323
48340,110268,5,39323
48341,110268,5,39323
48342,110268,5,39323
48344,110268,5,39322
48345,110268,5,39322
48346,110268,5,39322
48347,110268,5,39322
48349,110268,5,39321
48350,110268,5,39321
48351,110268,5,39321
48352,110268,5,39321
48354,110268,5,39320
48355,110268,5,39320
48356,110268,5,39320
48357,110268,5,39320
48359,110268,5,39319
48360,110268,5,39319
48361,110268,5,39319
48362,110268,5,39319
48364,110268,5,39318
48365,110268,5,39318
48366,110268,5,39318
48367,110268,5,39318
48369,110268,5,39317
48370,110268,5,39317
48371,110268,5,39317
48372,110268,5,39317
48374,110268,5,39316
48375,110268,5,39316
48376,110268,5,39316
48377,110268,5,39316
48379,110268,5,39315
48380,110268,5,39315
48381,110268,5,39315
48382,110268,5,39315
48384,110268,5,39314
48385,110268,5,39314
48386,110268,5,39314
48387,110268,5,39314
48389,110268,5,39313
48390,110268,5,39313
48391,110268,5,39313
48392,110268,5,39313
48394,110268,5,39312
48395,110268,5,39312
48396,110268,5,39312
48397,110268,5,39312
48399,110268,5,39311
48400,110268,5,39311
48401,110268,5,39311
48404,110268,5,39310
48405,110268,5,39310
48406,110268,5,39310
48407,110268,5,39310
48409,110268,5,39309
48410,110268,5,39309
48411,110268,5,39309
48412,110268,5,39309
48414,110268,5,39308
48415,110268,5,39308
48416,110268,5,39308
48417,110268,5,39308
48419,110268,5,39307
48420,110268,5,39307
48421,110268,5,39307
48424,110268,5,39306
48425,110268,5,39306
48426,110268,5,39306
48427,110268,5,39306
48429,110268,5,39305
48430,110268,5,39305
48431,110268,5,39305
48432,110268,5,39305
48434,110268,5,39304
48435,110268,5,39304
48436,110268,5,39304
48437,110268,5,39304
48439,110268,5,39303
48440,110268,5,39303
48441,110268,5,39303
48442,110268,5,39303
48444,110268,5,39302
48445,110268,5,39302
48446,110268,5,39302
48447,110268,5,39302
48449,110268,5,39301
48451,110268,5,39301
48452,110268,5,39301
48454,110268,5,39300
48455,110268,5,39300
48456,110268,5,39300
48457,110268,5,39300
48460,110268,5,39299
48461,110268,5,39299
48462,110268,5,39299
48464,110268,5,39298
48465,110268,5,39298
48466,110268,5,39298
48467,110268,5,39298
48469,110268,5,39297
48470,110268,5,39297
48471,110268,5,39297
48472,110268,5,39297
48474,110268,5,39296
48475,110268,5,39296
48476,110268,5,39296
48477,110268,5,39296
48479,110268,5,39295
48480,110268,5,39295
48481,110268,5,39295
48482,110268,5,39295
48485,110268,5,39294
48486,110268,5,39294
48487,110268,5,39294
48489,110268,5,39293
48490,110268,5,39293
48491,110268,5,39293
48492,110268,5,39293
48494,110268,5,39292
48495,110268,5,39292
48496,110268,5,39292
48497,110268,5,39292
48499,110268,5,39291
48500,110268,5,39291
48501,110268,5,39291
48502,110268,5,39291
48504,110268,5,39290
48505,110268,5,39290
48506,110268,5,39290
48507,110268,5,39290
48509,110268,5,39289
48510,110268,5,39289
48511,110268,5,39289
48512,110268,5,39289
48514,110268,5,39288
48515,110268,5,39288
48516,110268,5,39288
48517,110268,5,39288
48519,110268,5,39287
48520,110268,5,39287
48521,110268,5,39287
48522,110268,5,39287
48524,110268,5,39286
48525,110268,5,39286
48526,110268,5,39286
48527,110268,5,39286
48529,110268,5,39285
48530,110268,5,39285
48531,110268,5,39285
48532,110268,5,39285
48534,110268,5,39284
48535,110268,5,39284
48536,110268,5,39284
48537,110268,5,39284
48539,110268,5,39283
48540,110268,5,39283
48541,110268,5,39283
48542,110268,5,39283
48544,110268,5,39282
48545,110268,5,39282
48546,110268,5,39282
48547,110268,5,39282
48549,110268,5,39281
48550,110268,5,39281
48551,110268,5,39281
48552,110268,5,39281
48554,110268,5,39280
48555,110268,5,39280
48556,110268,5,39280
48557,110268,5,39280
48559,110268,5,39279
48560,110268,5,39279
48561,110268,5,39279
48562,110268,5,39279
48564,110268,5,39278
48565,110268,5,39278
48566,110268,5,39278
48567,110268,5,39278
48569,110268,5,39277
48570,110268,5,39277
48571,110268,5,39277
48572,110268,5,39277
48574,110268,5,39276
48575,110268,5,39276
48576,110268,5,39276
48577,110268,5,39276
48579,110268,5,39275
48580,110268,5,39275
48582,110268,5,39275
48584,110268,5,39274
48585,110268,5,39274
48586,110268,5,39274
48587,110268,5,39274
52711,109116,5,38911
52712,109116,5,38911
52713,109116,5,38911
52715,109116,5,38910
52717,109116,5,38910
52718,109116,5,38910
52720,109116,5,38909
52721,109116,5,38909
52722,109116,5,38909
52723,109116,5,38909
52725,109116,5,38908
52726,109116,5,38908
52727,109116,5,38908
52728,109116,5,38908
52730,109116,5,38907
52731,109116,5,38907
52732,109116,5,38907
52735,109116,5,38906
52736,109116,5,38906
52737,109116,5,38906
52738,109116,5,38906
52740,109116,5,38905
52741,109116,5,38905
52742,109116,5,38905
52743,109116,5,38905
52745,109116,5,38904
52746,109116,5,38904
52747,109116,5,38904
52748,109116,5,38904
52750,109116,5,38903
52751,109116,5,38903
52752,109116,5,38903
52753,109116,5,38903
52755,109116,5,38902
52756,109116,5,38902
52757,109116,5,38902
52758,109116,5,38902
52760,109116,5,38901
52761,109116,5,38901
52762,109116,5,38901
52763,109116,5,38901
52765,109116,5,38900
52766,109116,5,38900
52767,109116,5,38900
52768,109116,5,38900
52770,109116,5,38899
52771,109116,5,38899
52772,109116,5,38899
52773,109116,5,38899
52775,109116,5,38898
52776,109116,5,38898
52777,109116,5,38898
52778,109116,5,38898
52780,109116,5,38897
52781,109116,5,38897
52782,109116,5,38897
52783,109116,5,38897
52785,109116,5,38896
52786,109116,5,38896
52787,109116,5,38896
52788,109116,5,38896
52791,109116,5,38895
52792,109116,5,38895
52793,109116,5,38895
52795,109116,5,38894
52796,109116,5,38894
52797,109116,5,38894
52798,109116,5,38894
52800,109116,5,38893
52801,109116,5,38893
52802,109116,5,38893
52803,109116,5,38893
52805,109116,5,38892
52806,109116,5,38892
52807,109116,5,38892
52810,109116,5,38891
52811,109116,5,38891
52812,109116,5,38891
52813,109116,5,38891
52815,109116,5,38890
52816,109116,5,38890
52817,109116,5,38890
52818,109116,5,38890
52820,109116,5,38889
52821,109116,5,38889
52822,109116,5,38889
52823,109116,5,38889
52825,109116,5,38888
52826,109116,5,38888
52827,109116,5,38888
52828,109116,5,38888
52830,109116,5,38887
52831,109116,5,38887
52832,109116,5,38887
52833,109116,5,38887
52835,109116,5,38886
52836,109116,5,38886
52837,109116,5,38886
52838,109116,5,38886
52840,109116,5,38885
52841,109116,5,38885
52842,109116,5,38885
52843,109116,5,38885
52845,109116,5,38884
52846,109116,5,38884
52847,109116,5,38884
52848,109116,5,38884
52850,109116,5,38883
52851,109116,5,38883
52852,109116,5,38883
52853,109116,5,38883
52855,109116,5,38882
52856,109116,5,38882
52857,109116,5,38882
52858,109116,5,38882
52860,109116,5,38881
52861,109116,5,38881
52862,109116,5,38881
52863,109116,5,38881
52865,109116,5,38880
52866,109116,5,38880
52867,109116,5,38880
52868,109116,5,38880
52870,109116,5,38879
52871,109116,5,38879
52872,109116,5,38879
52873,109116,5,38879
52875,109116,5,38878
52876,109116,5,38878
52877,109116,5,38878
52878,109116,5,38878
52880,109116,5,38877
52881,109116,5,38877
52882,109116,5,38877
52883,109116,5,38877
52885,109116,5,38876
52886,109116,5,38876
52887,109116,5,38876
52888,109116,5,38876
52890,109116,5,38875
52891,109116,5,38875
52892,109116,5,38875
52893,109116,5,38875
52895,109116,5,38874
52896,109116,5,38874
52897,109116,5,38874
52898,109116,5,38874
52900,109116,5,38873
52901,109116,5,38873
52902,109116,5,38873
52903,109116,5,38873
52905,109116,5,38872
52906,109116,5,38872
52907,109116,5,38872
52908,109116,5,38872
52910,109116,5,38871
52911,109116,5,38871
52912,109116,5,38871
52913,109116,5,38871
52915,109116,5,38870
52916,109116,5,38870
52917,109116,5,38870
52918,109116,5,38870
52920,109116,5,38869
52921,109116,5,38869
52922,109116,5,38869
52923,109116,5,38869
52925,109116,5,38868
52926,109116,5,38868
52927,109116,5,38868
52928,109116,5,38868
52930,109116,5,38867
52931,109116,5,38867
52932,109116,5,38867
52933,109116,5,38867
52935,109116,5,38866
52936,109116,5,38866
52937,109116,5,38866
52940,109116,5,38865
52941,109116,5,38865
52942,109116,5,38865
52943,109116,5,38865
52945,109116,5,38864
52946,109116,5,38864
52947,109116,5,38864
52948,109116,5,38864
52950,109116,5,38863
52951,109116,5,38863
52952,109116,5,38863
52953,109116,5,38863
52955,109116,5,38862
52956,109116,5,38862
52957,109116,5,38862
52958,109116,5,38862
52960,109116,5,38861
52961,109116,5,38861
52962,109116,5,38861
52963,109116,5,38861
52965,109116,5,38860
52966,109116,5,38860
52967,109116,5,38860
52968,109116,5,38860
52970,109116,5,38859
52971,109116,5,38859
52972,109116,5,38859
52973,109116,5,38859
52975,109116,5,38858
52976,109116,5,38858
52977,109116,5,38858
52978,109116,5,38858
52980,109116,5,38857
52981,109116,5,38857
52982,109116,5,38857
52983,109116,5,38857
52985,109116,5,38856
52986,109116,5,38856
52987,109116,5,38856
52988,109116,5,38856
52990,109116,5,38855
52991,109116,5,38855
52992,109116,5,38855
52993,109116,5,38855
52995,109116,5,38854
52996,109116,5,38854
52997,109116,5,38854
52998,109116,5,38854
53000,109116,5,38853
53001,109116,5,38853
53002,109116,5,38853
53003,109116,5,38853
53005,109116,5,38852
53006,109116,5,38852
53007,109116,5,38852
53008,109116,5,38852
53011,109116,5,38851
53012,109116,5,38851
53013,109116,5,38851
53015,109116,5,38850
53016,109116,5,38850
53017,109116,5,38850
53018,109116,5,38850
53021,109116,5,38849
53022,109116,5,38849
53025,109116,5,38848
53026,109116,5,38848
53027,109116,5,38848
53028,109116,5,38848
53030,109116,5,38847
53031,109116,5,38847
53032,109116,5,38847
53035,109116,5,38846
53036,109116,5,38846
53037,109116,5,38846
53038,109116,5,38846
53040,109116,5,38845
53041,109116,5,38845
53042,109116,5,38845
53043,109116,5,38845
53045,109116,5,38844
53046,109116,5,38844
53047,109116,5,38844
53048,109116,5,38844
53051,109116,5,38843
53052,109116,5,38843
53053,109116,5,38843
53055,109116,5,38842
53056,109116,5,38842
53057,109116,5,38842
53058,109116,5,38842
53060,109116,5,38841
53061,109116,5,38841
53062,109116,5,38841
53063,109116,5,38841
53065,109116,5,38840
53066,109116,5,38840
53067,109116,5,38840
53068,109116,5,38840
53071,109116,5,38839
53072,109116,5,38839
53073,109116,5,38839
53076,109116,5,38838
53078,109116,5,38838
53081,109116,5,38837
53082,109116,5,38837
53085,109116,5,38836
53086,109116,5,38836
53087,109116,5,38836
53088,109116,5,38836
53090,109116,5,38835
53091,109116,5,38835
53092,109116,5,38835
53093,109116,5,38835
62900,106749,5,38035
62901,106749,5,38035
62902,106749,5,38035
62904,106749,5,38034
62905,106749,5,38034
62906,106749,5,38034
62907,106749,5,38034
62911,106749,5,38033
62912,106749,5,38033
62914,106749,5,38032
62915,106749,5,38032
62916,106749,5,38032
62920,106749,5,38031
62921,106749,5,38031
62922,106749,5,38031
62924,106749,5,38030
62925,106749,5,38030
62926,106749,5,38030
62927,106749,5,38030
62930,106749,5,38029
62931,106749,5,38029
62932,106749,5,38029
62934,106749,5,38028
62937,106749,5,38028
62939,106749,5,38027
62941,106749,5,38027
62945,106749,5,38026
62946,106749,5,38026
62949,106749,5,38025
62950,106749,5,38025
62951,106749,5,38025
62952,106749,5,38025
62954,106749,5,38024
62955,106749,5,38024
62956,106749,5,38024
62957,106749,5,38024
62959,106749,5,38023
62960,106749,5,38023
62961,106749,5,38023
62962,106749,5,38023
62964,106749,5,38022
62965,106749,5,38022
62966,106749,5,38022
62967,106749,5,38022
62969,106749,5,38021
62970,106749,5,38021
62971,106749,5,38021
62972,106749,5,38021
62974,106749,5,38020
62975,106749,5,38020
62976,106749,5,38020
62977,106749,5,38020
62979,106749,5,38019
62980,106749,5,38019
62981,106749,5,38019
62982,106749,5,38019
62985,106749,5,38018
62987,106749,5,38018
62989,106749,5,38017
62990,106749,5,38017
62991,106749,5,38017
62994,106749,5,38016
62995,106749,5,38016
62996,106749,5,38016
62997,106749,5,38016
62999,106749,5,38015
63000,106749,5,38015
63001,106749,5,38015
63002,106749,5,38015
63004,106749,5,38014
63005,106749,5,38014
63006,106749,5,38014
63007,106749,5,38014
63009,106749,5,38013
63010,106749,5,38013
63011,106749,5,38013
63012,106749,5,38013
63014,106749,5,38012
63015,106749,5,38012
63016,106749,5,38012
63017,106749,5,38012
63019,106749,5,38011
63020,106749,5,38011
63021,106749,5,38011
63022,106749,5,38011
63024,106749,5,38010
63025,106749,5,38010
63026,106749,5,38010
63027,106749,5,38010
63029,106749,5,38009
63031,106749,5,38009
63032,106749,5,38009
63034,106749,5,38008
63035,106749,5,38008
63036,106749,5,38008
63037,106749,5,38008
63039,106749,5,38007
63040,106749,5,38007
63041,106749,5,38007
63042,106749,5,38007
63044,106749,5,38006
63045,106749,5,38006
63046,106749,5,38006
63047,106749,5,38006
63049,106749,5,38005
63050,106749,5,38005
63052,106749,5,38005
63054,106749,5,38004
63059,106749,5,38003
63060,106749,5,38003
63061,106749,5,38003
63062,106749,5,38003
63064,106749,5,38002
63065,106749,5,38002
63066,106749,5,38002
63069,106749,5,38001
63070,106749,5,38001
63071,106749,5,38001
63074,106749,5,38000
63075,106749,5,38000
63076,106749,5,38000
63077,106749,5,38000
63079,106749,5,37999
63080,106749,5,37999
63081,106749,5,37999
63082,106749,5,37999
63084,106749,5,37998
63085,106749,5,37998
63086,106749,5,37998
63087,106749,5,37998
63089,106749,5,37997
63090,106749,5,37997
63091,106749,5,37997
63092,106749,5,37997
63094,106749,5,37996
63095,106749,5,37996
63096,106749,5,37996
63097,106749,5,37996
63099,106749,5,37995
63100,106749,5,37995
63101,106749,5,37995
63102,106749,5,37995
63104,106749,5,37994
63105,106749,5,37994
63106,106749,5,37994
63107,106749,5,37994
63109,106749,5,37993
63110,106749,5,37993
63111,106749,5,37993
63112,106749,5,37993
63114,106749,5,37992
63115,106749,5,37992
63116,106749,5,37992
63117,106749,5,37992
63119,106749,5,37991
63120,106749,5,37991
63121,106749,5,37991
63122,106749,5,37991
63124,106749,5,37990
63125,106749,5,37990
63127,106749,5,37990
63129,106749,5,37989
63131,106749,5,37989
63132,106749,5,37989
63134,106749,5,37988
63135,106749,5,37988
63136,106749,5,37988
63137,106749,5,37988
63140,106749,5,37987
63141,106749,5,37987
63142,106749,5,37987
63144,106749,5,37986
63145,106749,5,37986
63146,106749,5,37986
63147,106749,5,37986
63149,106749,5,37985
63150,106749,5,37985
63152,106749,5,37985
63154,106749,5,37984
63155,106749,5,37984
63156,106749,5,37984
63157,106749,5,37984
63159,106749,5,37983
63160,106749,5,37983
63161,106749,5,37983
63162,106749,5,37983
63164,106749,5,37982
63165,106749,5,37982
63166,106749,5,37982
63167,106749,5,37982
63169,106749,5,37981
63170,106749,5,37981
63171,106749,5,37981
63172,106749,5,37981
63174,106749,5,37980
63175,106749,5,37980
63176,106749,5,37980
63177,106749,5,37980
63180,106749,5,37979
63181,106749,5,37979
63184,106749,5,37978
63185,106749,5,37978
63186,106749,5,37978
63187,106749,5,37978
63189,106749,5,37977
63190,106749,5,37977
63191,106749,5,37977
63192,106749,5,37977
63194,106749,5,37976
63195,106749,5,37976
63196,106749,5,37976
63197,106749,5,37976
63199,106749,5,37975
63200,106749,5,37975
63201,106749,5,37975
63202,106749,5,37975
63204,106749,5,37974
63205,106749,5,37974
63206,106749,5,37974
63207,106749,5,37974
63209,106749,5,37973
63210,106749,5,37973
63211,106749,5,37973
63212,106749,5,37973
63214,106749,5,37972
63215,106749,5,37972
63216,106749,5,37972
63217,106749,5,37972
63219,106749,5,37971
63220,106749,5,37971
63221,106749,5,37971
63222,106749,5,37971
63224,106749,5,37970
63225,106749,5,37970
63226,106749,5,37970
63227,106749,5,37970
63229,106749,5,37969
63230,106749,5,37969
63231,106749,5,37969
63232,106749,5,37969
63234,106749,5,37968
63235,106749,5,37968
63236,106749,5,37968
63237,106749,5,37968
63239,106749,5,37967
63240,106749,5,37967
63241,106749,5,37967
63242,106749,5,37967
63244,106749,5,37966
63245,106749,5,37966
63246,106749,5,37966
63247,106749,5,37966
63249,106749,5,37965
63250,106749,5,37965
63251,106749,5,37965
63252,106749,5,37965
63254,106749,5,37964
63255,106749,5,37964
63256,106749,5,37964
63257,106749,5,37964
63259,106749,5,37963
63260,106749,5,37963
63261,106749,5,37963
63262,106749,5,37963
63264,106749,5,37962
63265,106749,5,37962
63266,106749,5,37962
63267,106749,5,37962
63270,106749,5,37961
63271,106749,5,37961
63272,106749,5,37961
63274,106749,5,37960
63275,106749,5,37960
63276,106749,5,37960
63277,106749,5,37960
63279,106749,5,37959
63280,106749,5,37959
63281,106749,5,37959
63282,106749,5,37959
68147,105694,5,37631
68148,105694,5,37631
68150,105694,5,37630
68152,105694,5,37630
68153,105694,5,37630
68156,105694,5,37629
68158,105694,5,37629
68160,105694,5,37628
68162,105694,5,37628
68163,105694,5,37628
68165,105694,5,37627
68166,105694,5,37627
68167,105694,5,37627
68168,105694,5,37627
68170,105694,5,37626
68171,105694,5,37626
68172,105694,5,37626
68173,105694,5,37626
68175,105694,5,37625
68176,105694,5,37625
68177,105694,5,37625
68178,105694,5,37625
68180,105694,5,37624
68182,105694,5,37624
68183,105694,5,37624
68185,105694,5,37623
68186,105694,5,37623
68187,105694,5,37623
68188,105694,5,37623
68190,105694,5,37622
68191,105694,5,37622
68192,105694,5,37622
68193,105694,5,37622
68195,105694,5,37621
68196,105694,5,37621
68197,105694,5,37621
68198,105694,5,37621
68200,105694,5,37620
68202,105694,5,37620
68203,105694,5,37620
68205,105694,5,37619
68206,105694,5,37619
68208,105694,5,37619
68210,105694,5,37618
68211,105694,5,37618
68212,105694,5,37618
68215,105694,5,37617
68216,105694,5,37617
68217,105694,5,37617
68218,105694,5,37617
68220,105694,5,37616
68222,105694,5,37616
68223,105694,5,37616
68225,105694,5,37615
68226,105694,5,37615
68227,105694,5,37615
68228,105694,5,37615
68230,105694,5,37614
68231,105694,5,37614
68232,105694,5,37614
68233,105694,5,37614
68235,105694,5,37613
68236,105694,5,37613
68238,105694,5,37613
68240,105694,5,37612
68241,105694,5,37612
68242,105694,5,37612
68243,105694,5,37612
68246,105694,5,37611
68247,105694,5,37611
68248,105694,5,37611
68250,105694,5,37610
68252,105694,5,37610
68253,105694,5,37610
68255,105694,5,37609
68256,105694,5,37609
68258,105694,5,37609
68260,105694,5,37608
68261,105694,5,37608
68262,105694,5,37608
68265,105694,5,37607
68266,105694,5,37607
68267,105694,5,37607
68268,105694,5,37607
68270,105694,5,37606
68271,105694,5,37606
68272,105694,5,37606
68275,105694,5,37605
68276,105694,5,37605
68277,105694,5,37605
68278,105694,5,37605
68280,105694,5,37604
68281,105694,5,37604
68282,105694,5,37604
68283,105694,5,37604
68286,105694,5,37603
68287,105694,5,37603
68288,105694,5,37603
68290,105694,5,37602
68291,105694,5,37602
68292,105694,5,37602
68293,105694,5,37602
68295,105694,5,37601
68296,105694,5,37601
68297,105694,5,37601
68298,105694,5,37601
68300,105694,5,37600
68301,105694,5,37600
68302,105694,5,37600
68303,105694,5,37600
68305,105694,5,37599
68306,105694,5,37599
68307,105694,5,37599
68308,105694,5,37599
68310,105694,5,37598
68311,105694,5,37598
68312,105694,5,37598
68313,105694,5,37598
68316,105694,5,37597
68317,105694,5,37597
68318,105694,5,37597
68320,105694,5,37596
68321,105694,5,37596
68322,105694,5,37596
68323,105694,5,37596
68325,105694,5,37595
68326,105694,5,37595
68327,105694,5,37595
68328,105694,5,37595
68330,105694,5,37594
68332,105694,5,37594
68333,105694,5,37594
68335,105694,5,37593
68336,105694,5,37593
68337,105694,5,37593
68338,105694,5,37593
68340,105694,5,37592
68341,105694,5,37592
68342,105694,5,37592
68343,105694,5,37592
68345,105694,5,37591
68346,105694,5,37591
68347,105694,5,37591
68348,105694,5,37591
68350,105694,5,37590
68351,105694,5,37590
68352,105694,5,37590
68353,105694,5,37590
68355,105694,5,37589
68356,105694,5,37589
68357,105694,5,37589
68358,105694,5,37589
68360,105694,5,37588
68361,105694,5,37588
68362,105694,5,37588
68363,105694,5,37588
68365,105694,5,37587
68366,105694,5,37587
68368,105694,5,37587
68370,105694,5,37586
68371,105694,5,37586
68372,105694,5,37586
68373,105694,5,37586
68375,105694,5,37585
68376,105694,5,37585
68377,105694,5,37585
68378,105694,5,37585
68380,105694,5,37584
68381,105694,5,37584
68382,105694,5,37584
68383,105694,5,37584
68386,105694,5,37583
68387,105694,5,37583
68388,105694,5,37583
68390,105694,5,37582
68391,105694,5,37582
68392,105694,5,37582
68393,105694,5,37582
68395,105694,5,37581
68396,105694,5,37581
68397,105694,5,37581
68398,105694,5,37581
68400,105694,5,37580
68401,105694,5,37580
68402,105694,5,37580
68405,105694,5,37579
68406,105694,5,37579
68407,105694,5,37579
68408,105694,5,37579
68410,105694,5,37578
68411,105694,5,37578
68412,105694,5,37578
68413,105694,5,37578
68415,105694,5,37577
68416,105694,5,37577
68417,105694,5,37577
68418,105694,5,37577
68420,105694,5,37576
68422,105694,5,37576
68423,105694,5,37576
68425,105694,5,37575
68426,105694,5,37575
68427,105694,5,37575
68428,105694,5,37575
68430,105694,5,37574
68431,105694,5,37574
68432,105694,5,37574
68433,105694,5,37574
68435,105694,5,37573
68436,105694,5,37573
68437,105694,5,37573
68438,105694,5,37573
68440,105694,5,37572
68442,105694,5,37572
68443,105694,5,37572
68445,105694,5,37571
68446,105694,5,37571
68447,105694,5,37571
68448,105694,5,37571
68450,105694,5,37570
68451,105694,5,37570
68452,105694,5,37570
68453,105694,5,37570
68455,105694,5,37569
68456,105694,5,37569
68457,105694,5,37569
68458,105694,5,37569
68460,105694,5,37568
68461,105694,5,37568
68462,105694,5,37568
68463,105694,5,37568
68465,105694,5,37567
68466,105694,5,37567
68467,105694,5,37567
68468,105694,5,37567
68470,105694,5,37566
68471,105694,5,37566
68472,105694,5,37566
68473,105694,5,37566
68475,105694,5,37565
68476,105694,5,37565
68477,105694,5,37565
68478,105694,5,37565
68480,105694,5,37564
68481,105694,5,37564
68482,105694,5,37564
68483,105694,5,37564
68486,105694,5,37563
68488,105694,5,37563
68490,105694,5,37562
68492,105694,5,37562
68493,105694,5,37562
68496,105694,5,37561
68498,105694,5,37561
85160,101600,1,36348
85191,101600,1,36347
88919,100741,1,35981
93762,99466,1,35475
95801,98685,1,35322
102938,96135,5,34779
102939,96135,5,34779
102941,96135,5,34778
102942,96135,5,34778
102943,96135,5,34778
102944,96135,5,34778
102946,96135,5,34777
102947,96135,5,34777
102948,96135,5,34777
102949,96135,5,34777
102951,96135,5,34776
102952,96135,5,34776
102953,96135,5,34776
102954,96135,5,34776
102956,96135,5,34775
102957,96135,5,34775
102958,96135,5,34775
102959,96135,5,34775
102961,96135,5,34774
102962,96135,5,34774
102963,96135,5,34774
102966,96135,5,34773
102967,96135,5,34773
102968,96135,5,34773
102969,96135,5,34773
102971,96135,5,34772
102972,96135,5,34772
102973,96135,5,34772
102974,96135,5,34772
102976,96135,5,34771
102977,96135,5,34771
102978,96135,5,34771
102979,96135,5,34771
102981,96135,5,34770
102982,96135,5,34770
102983,96135,5,34770
102984,96135,5,34770
102986,96135,5,34769
102987,96135,5,34769
102988,96135,5,34769
102989,96135,5,34769
102991,96135,5,34768
102992,96135,5,34768
102993,96135,5,34768
102994,96135,5,34768
102996,96135,5,34767
102997,96135,5,34767
102999,96135,5,34767
103001,96135,5,34766
103002,96135,5,34766
103004,96135,5,34766
103006,96135,5,34765
103007,96135,5,34765
103008,96135,5,34765
103009,96135,5,34765
103011,96135,5,34764
103012,96135,5,34764
103013,96135,5,34764
103014,96135,5,34764
103016,96135,5,34763
103017,96135,5,34763
103018,96135,5,34763
103019,96135,5,34763
103021,96135,5,34762
103022,96135,5,34762
103023,96135,5,34762
103024,96135,5,34762
103026,96135,5,34761
103027,96135,5,34761
103028,96135,5,34761
103029,96135,5,34761
103031,96135,5,34760
103032,96135,5,34760
103033,96135,5,34760
103034,96135,5,34760
103036,96135,5,34759
103037,96135,5,34759
103038,96135,5,34759
103039,96135,5,34759
103041,96135,5,34758
103042,96135,5,34758
103043,96135,5,34758
103044,96135,5,34758
103046,96135,5,34757
103047,96135,5,34757
103048,96135,5,34757
103049,96135,5,34757
103051,96135,5,34756
103052,96135,5,34756
103053,96135,5,34756
103054,96135,5,34756
103056,96135,5,34755
103057,96135,5,34755
103058,96135,5,34755
103059,96135,5,34755
103061,96135,5,34754
103062,96135,5,34754
103063,96135,5,34754
103066,96135,5,34753
103067,96135,5,34753
103068,96135,5,34753
103069,96135,5,34753
103071,96135,5,34752
103072,96135,5,34752
103073,96135,5,34752
103074,96135,5,34752
103076,96135,5,34751
103077,96135,5,34751
103078,96135,5,34751
103079,96135,5,34751
103081,96135,5,34750
103082,96135,5,34750
103083,96135,5,34750
103084,96135,5,34750
103086,96135,5,34749
103087,96135,5,34749
103088,96135,5,34749
103089,96135,5,34749
103091,96135,5,34748
103092,96135,5,34748
103093,96135,5,34748
103094,96135,5,34748
103096,96135,5,34747
103097,96135,5,34747
103098,96135,5,34747
103099,96135,5,34747
103101,96135,5,34746
103102,96135,5,34746
103104,96135,5,34746
103106,96135,5,34745
103107,96135,5,34745
103108,96135,5,34745
103109,96135,5,34745
103111,96135,5,34744
103112,96135,5,34744
103113,96135,5,34744
103114,96135,5,34744
103116,96135,5,34743
103117,96135,5,34743
103118,96135,5,34743
103119,96135,5,34743
103121,96135,5,34742
103122,96135,5,34742
103123,96135,5,34742
103124,96135,5,34742
103126,96135,5,34741
103127,96135,5,34741
103128,96135,5,34741
103129,96135,5,34741
103131,96135,5,34740
103132,96135,5,34740
103133,96135,5,34740
103134,96135,5,34740
103136,96135,5,34739
103137,96135,5,34739
103139,96135,5,34739
103141,96135,5,34738
103142,96135,5,34738
103146,96135,5,34737
103147,96135,5,34737
103148,96135,5,34737
103149,96135,5,34737
103151,96135,5,34736
103152,96135,5,34736
103153,96135,5,34736
103154,96135,5,34736
103156,96135,5,34735
103157,96135,5,34735
103158,96135,5,34735
103159,96135,5,34735
103161,96135,5,34734
103162,96135,5,34734
103163,96135,5,34734
103164,96135,5,34734
103166,96135,5,34733
103167,96135,5,34733
103168,96135,5,34733
103169,96135,5,34733
103171,96135,5,34732
103173,96135,5,34732
103174,96135,5,34732
103176,96135,5,34731
103177,96135,5,34731
103178,96135,5,34731
103179,96135,5,34731
103181,96135,5,34730
103182,96135,5,34730
103183,96135,5,34730
103184,96135,5,34730
103186,96135,5,34729
103187,96135,5,34729
103188,96135,5,34729
103189,96135,5,34729
103191,96135,5,34728
103192,96135,5,34728
103193,96135,5,34728
103194,96135,5,34728
103196,96135,5,34727
103197,96135,5,34727
103198,96135,5,34727
103199,96135,5,34727
103201,96135,5,34726
103202,96135,5,34726
103203,96135,5,34726
103204,96135,5,34726
103206,96135,5,34725
103207,96135,5,34725
103208,96135,5,34725
103209,96135,5,34725
103212,96135,5,34724
103213,96135,5,34724
103215,96135,5,34723
103217,96135,5,34723
103218,96135,5,34723
103220,96135,5,34722
103221,96135,5,34722
103222,96135,5,34722
103223,96135,5,34722
103226,96135,5,34721
103227,96135,5,34721
103228,96135,5,34721
103230,96135,5,34720
103231,96135,5,34720
103232,96135,5,34720
103233,96135,5,34720
103235,96135,5,34719
103236,96135,5,34719
103237,96135,5,34719
103238,96135,5,34719
103240,96135,5,34718
103241,96135,5,34718
103242,96135,5,34718
103243,96135,5,34718
103245,96135,5,34717
103246,96135,5,34717
103247,96135,5,34717
103250,96135,5,34716
103251,96135,5,34716
103252,96135,5,34716
103253,96135,5,34716
103255,96135,5,34715
103256,96135,5,34715
103257,96135,5,34715
103258,96135,5,34715
103260,96135,5,34714
103263,96135,5,34714
103265,96135,5,34713
103266,96135,5,34713
103267,96135,5,34713
103270,96135,5,34712
103271,96135,5,34712
103272,96135,5,34712
103273,96135,5,34712
103275,96135,5,34711
103276,96135,5,34711
103277,96135,5,34711
103278,96135,5,34711
103280,96135,5,34710
103281,96135,5,34710
103282,96135,5,34710
103283,96135,5,34710
103285,96135,5,34709
103286,96135,5,34709
103287,96135,5,34709
103288,96135,5,34709
103290,96135,5,34708
103292,96135,5,34708
103293,96135,5,34708
103295,96135,5,34707
103296,96135,5,34707
103298,96135,5,34707
103300,96135,5,34706
103302,96135,5,34706
103303,96135,5,34706
103305,96135,5,34705
103306,96135,5,34705
103307,96135,5,34705
103308,96135,5,34705
103310,96135,5,34704
103311,96135,5,34704
103312,96135,5,34704
103315,96135,5,34703
112006,92853,1,34026
112509,92652,5,33984
112510,92652,5,33984
112512,92652,5,33983
112513,92652,5,33983
112515,92652,5,33983
112517,92652,5,33982
112518,92652,5,33982
112519,92652,5,33982
112522,92652,5,33981
112523,92652,5,33981
112524,92652,5,33981
112525,92652,5,33981
112527,92652,5,33980
112528,92652,5,33980
112529,92652,5,33980
112530,92652,5,33980
112532,92652,5,33979
112533,92652,5,33979
112534,92652,5,33979
112535,92652,5,33979
112537,92652,5,33978
112538,92652,5,33978
112539,92652,5,33978
112540,92652,5,33978
112542,92652,5,33977
112543,92652,5,33977
112544,92652,5,33977
112545,92652,5,33977
112547,92652,5,33976
112548,92652,5,33976
112549,92652,5,33976
112553,92652,5,33975
112554,92652,5,33975
112555,92652,5,33975
112557,92652,5,33974
112558,92652,5,33974
112559,92652,5,33974
112560,92652,5,33974
112562,92652,5,33973
112563,92652,5,33973
112564,92652,5,33973
112565,92652,5,33973
112567,92652,5,33972
112568,92652,5,33972
112569,92652,5,33972
112570,92652,5,33972
112572,92652,5,33971
112573,92652,5,33971
112574,92652,5,33971
112575,92652,5,33971
112577,92652,5,33970
112578,92652,5,33970
112580,92652,0,33970
112582,92652,0,33969
112583,92652,0,33969
112585,92652,5,33969
112587,92652,5,33968
112588,92652,5,33968
112589,92652,5,33968
112590,92652,5,33968
112592,92652,5,33967
112593,92652,5,33967
112594,92652,5,33967
112595,92652,5,33967
112597,92652,5,33966
112598,92652,5,33966
112599,92652,5,33966
112600,92652,5,33966
112602,92652,5,33965
112603,92652,5,33965
112604,92652,5,33965
112605,92652,5,33965
112607,92652,0,33964
112609,92652,5,33964
112610,92652,5,33964
112612,92652,5,33963
112613,92652,5,33963
112614,92652,5,33963
112615,92652,5,33963
112617,92652,5,33962
112618,92652,5,33962
112619,92652,5,33962
112620,92652,5,33962
112622,92652,5,33961
112623,92652,5,33961
112624,92652,5,33961
112625,92652,5,33961
112627,92652,5,33960
112628,92652,5,33960
112629,92652,5,33960
112630,92652,5,33960
112632,92652,5,33959
112633,92652,5,33959
112634,92652,5,33959
112635,92652,5,33959
112637,92652,5,33958
112638,92652,5,33958
112639,92652,5,33958
112640,92652,5,33958
112642,92652,5,33957
112643,92652,5,33957
112644,92652,5,33957
112645,92652,5,33957
112647,92652,5,33956
112652,92652,5,33955
112653,92652,5,33955
112654,92652,5,33955
112655,92652,5,33955
112657,92652,5,33954
112658,92652,5,33954
112659,92652,5,33954
112660,92652,5,33954
112662,92652,5,33953
112663,92652,5,33953
112664,92652,5,33953
112665,92652,5,33953
112667,92652,5,33952
112668,92652,5,33952
112669,92652,5,33952
112670,92652,5,33952
112672,92652,5,33951
112673,92652,5,33951
112674,92652,5,33951
112675,92652,5,33951
112677,92652,5,33950
112678,92652,5,33950
112679,92652,5,33950
112680,92652,5,33950
112682,92652,5,33949
112689,92652,5,33948
112690,92652,5,33948
112692,92652,5,33947
112693,92652,5,33947
112694,92652,5,33947
112695,92652,5,33947
112697,92652,5,33946
112698,92652,5,33946
112699,92652,5,33946
112700,92652,5,33946
112702,92652,5,33945
112705,92652,5,33945
112707,92652,5,33944
112708,92652,5,33944
112709,92652,5,33944
112710,92652,5,33944
112712,92652,5,33943
112713,92652,5,33943
112714,92652,5,33943
112715,92652,5,33943
112717,92652,5,33942
112718,92652,5,33942
112719,92652,5,33942
112720,92652,5,33942
112722,92652,5,33941
112723,92652,5,33941
112724,92652,5,33941
112725,92652,5,33941
112727,92652,5,33940
112728,92652,5,33940
112733,92652,5,33939
112734,92652,5,33939
112735,92652,5,33939
112737,92652,5,33938
112738,92652,5,33938
112739,92652,5,33938
112740,92652,5,33938
112742,92652,5,33937
112743,92652,5,33937
112744,92652,5,33937
112745,92652,5,33937
112747,92652,5,33936
112748,92652,5,33936
112749,92652,5,33936
112750,92652,5,33936
112752,92652,5,33935
112753,92652,5,33935
112754,92652,5,33935
112755,92652,5,33935
112757,92652,5,33934
112758,92652,5,33934
112759,92652,5,33934
112760,92652,5,33934
112765,92652,5,33933
112767,92652,5,33932
112768,92652,5,33932
112769,92652,5,33932
112770,92652,5,33932
112772,92652,5,33931
112773,92652,5,33931
112774,92652,5,33931
112775,92652,5,33931
112777,92652,5,33930
112778,92652,5,33930
112779,92652,5,33930
112780,92652,5,33930
112782,92652,5,33929
112783,92652,5,33929
112784,92652,5,33929
112785,92652,5,33929
112787,92652,5,33928
112788,92652,5,33928
112789,92652,5,33928
112790,92652,5,33928
112793,92652,5,33927
112794,92652,5,33927
112795,92652,5,33927
112797,92652,5,33926
112798,92652,5,33926
112799,92652,5,33926
112800,92652,5,33926
112802,92652,5,33925
112803,92652,5,33925
112804,92652,5,33925
112805,92652,5,33925
112807,92652,5,33924
112808,92652,5,33924
112809,92652,5,33924
112810,92652,5,33924
112812,92652,5,33923
112813,92652,5,33923
112814,92652,5,33923
112815,92652,5,33923
112818,92652,5,33922
112819,92652,5,33922
112820,92652,5,33922
112822,92652,5,33921
112823,92652,5,33921
112824,92652,5,33921
112825,92652,5,33921
112827,92652,5,33920
112828,92652,5,33920
112829,92652,5,33920
112830,92652,5,33920
112832,92652,5,33919
112834,92652,5,33919
112835,92652,5,33919
112837,92652,5,33918
112838,92652,5,33918
112839,92652,5,33918
112840,92652,5,33918
112842,92652,5,33917
112843,92652,5,33917
112844,92652,5,33917
112845,92652,5,33917
112847,92652,5,33916
112848,92652,5,33916
112849,92652,5,33916
112850,92652,5,33916
112854,92652,5,33915
112855,92652,5,33915
112857,92652,5,33914
112858,92652,5,33914
112859,92652,5,33914
112860,92652,5,33914
112862,92652,5,33913
112863,92652,5,33913
112864,92652,5,33913
112865,92652,5,33913
112867,92652,5,33912
112868,92652,5,33912
112869,92652,5,33912
112870,92652,5,33912
112872,92652,5,33911
112873,92652,5,33911
112874,92652,5,33911
112875,92652,5,33911
112879,92652,5,33910
112880,92652,5,33910
112882,92652,5,33909
112883,92652,5,33909
112884,92652,5,33909
112885,92652,5,33909
112887,92652,5,33908
112888,92652,5,33908
112889,92652,5,33908
112890,92652,5,33908
112892,92652,5,33907
112893,92652,5,33907
112894,92652,5,33907
112895,92652,5,33907
112897,92652,5,33906
112898,92652,5,33906
112899,92652,5,33906
112900,92652,5,33906
112902,92652,5,33905
112903,92652,5,33905
112904,92652,5,33905
112905,92652,5,33905
112907,92652,5,33904
112908,92652,5,33904
112909,92652,5,33904
115201,91836,1,33722
