rank,reference,size,order_units,deduplicated_order_units,pick_file_units,reference_months_in_top10,distinct_pick_locations,unknown_location_units,locations,action
1,8N10W9,11,2951,2950,2951,10,6,1,H-10-11:1391;H-10-21:1288;M-04-21:208;M-04-11:52;N-17-22:11;RC-01:1,Review access and replenishment; no measured travel-time savings
2,8N10W9,10,2931,2931,2931,10,11,45,H-08-22:1350;H-08-12:1240;M-02-22:133;M-02-12:113;RC-01:39;M-01-11:18;N-17-22:12;M-02-13:8;M-01-21:6;L-02-21:6;C-026:6,Review access and replenishment; no measured travel-time savings
3,PY5UPB,260,2340,535,2338,5,12,2160,RC-01:2127;N-01-12:48;N-01-22:48;N-01-23:47;C-102:31;M-01-12:11;N-02-22:8;Q-17-22:7;J-02-21:4;N-01-11:3;C-061:2;I-01-11:2,Review access and replenishment; no measured travel-time savings
4,PY5UPB,265,2275,540,2270,5,8,2139,RC-01:2139;M-02-11:48;J-02-11:40;J-01-13:23;J-02-21:9;Q-17-23:4;I-01-11:4;Q-19-21:3,Review access and replenishment; no measured travel-time savings
5,8N10W9,12,2214,2213,2214,10,13,34,H-10-22:1940;M-04-22:99;M-04-12:88;H-10-13:28;RC-01:25;RC-05:8;H-10-23:6;M-01-11:6;L-13-11:6;L-01-11:4;H-10-12:2;RC-04:1;M-10-23:1,Review access and replenishment; no measured travel-time savings
6,8N10W9,105,2190,2190,0,10,0,0,,Review access and replenishment; no measured travel-time savings
7,8N10W9,9,1965,1965,1965,10,10,7,H-06-13:932;H-06-23:853;M-03-23:97;M-03-13:48;M-02-22:12;RC-01:6;O-05-23:6;J-08-12:6;M-03-12:4;RC-04:1,Review access and replenishment; no measured travel-time savings
8,8N10W9,95,1832,1832,0,10,0,0,,Review access and replenishment; no measured travel-time savings
9,I1KDJ0,10,1608,1608,1608,10,11,8,I-08-22:650;I-08-12:641;M-10-11:148;I-04-11:69;N-17-12:36;N-17-23:28;I-04-21:18;RC-01:8;N-17-13:6;N-17-21:3;O-13-11:1,Review access and replenishment; no measured travel-time savings
10,PY5UPB,270,1580,405,1580,5,8,1532,RC-01:1532;N-01-11:17;N-01-21:15;N-02-21:7;L-02-22:6;L-01-21:1;N-02-11:1;M-02-21:1,Review access and replenishment; no measured travel-time savings
11,I1KDJ0,11,1546,1546,1419,10,6,43,I-10-11:625;I-10-21:569;M-10-12:138;I-04-21:43;RC-01:43;J-02-22:1,Review access and replenishment; no measured travel-time savings
12,I1KDJ0,9,1430,1430,1430,10,9,14,I-06-13:613;I-06-23:585;M-09-13:93;M-09-23:63;I-04-11:35;N-19-11:18;RC-01:14;N-02-11:6;I-04-21:3,Review access and replenishment; no measured travel-time savings
13,WRRW1W,10,1389,1389,1389,10,5,12,I-07-12:664;I-07-22:588;M-06-12:118;RC-01:12;M-06-22:7,Review access and replenishment; no measured travel-time savings
14,05W6TK,9,1383,1383,1383,7,37,73,J-05-23:403;J-05-13:338;J-02-13:106;RC-01:73;R-23-13:53;J-02-21:49;J-01-22:45;J-01-11:42;J-02-23:39;J-01-21:34;I-01-13:30;R-23-21:23;J-02-12:22;O-02-21:19;P-05-13:14;J-01-23:12;J-01-12:11;I-01-22:10;Q-03-21:9;I-01-23:8;P-13-11:7;P-05-11:6;Q-01-22:6;Q-01-21:3;J-01-13:3;I-02-22:2;R-23-12:2;L-01-23:2;J-05-12:2;O-07-12:2;H-04-21:2;M-19-11:1;Q-05-11:1;P-16-21:1;J-03-11:1;I-02-23:1;H-04-11:1,Review access and replenishment; no measured travel-time savings
15,WRRW1W,9,1344,1344,1344,10,6,8,I-05-23:584;I-05-13:580;M-07-13:147;M-07-23:24;RC-01:8;I-03-11:1,Review access and replenishment; no measured travel-time savings
16,PY5UPB,275,1120,290,1119,5,10,1006,RC-01:1005;J-01-23:47;J-01-21:32;I-02-22:14;N-02-21:9;Q-21-23:5;I-01-11:4;ZN-COR:1;Q-21-22:1;Q-21-21:1,Review access and replenishment; no measured travel-time savings
17,SMMRK3,10,1109,1109,1109,8,14,39,I-23-11:612;I-23-21:279;L-18-12:105;L-18-22:41;RC-01:32;RC-04:7;I-23-12:6;L-02-22:6;J-02-12:6;L-01-22:6;O-13-11:6;H-02-12:1;O-15-13:1;L-17-13:1,Review access and replenishment; no measured travel-time savings
18,I1KDJ0,12,1103,1103,942,10,4,21,I-10-22:553;I-10-12:306;M-10-23:62;RC-01:21,Review access and replenishment; no measured travel-time savings
19,05W6TK,95,1090,1090,0,7,0,0,,Review access and replenishment; no measured travel-time savings
20,SMMRK3,11,1064,1064,1063,8,9,21,I-23-12:846;L-20-11:106;L-20-21:55;RC-01:21;I-23-22:15;I-01-21:7;L-01-22:6;I-02-21:5;J-23-22:2,Review access and replenishment; no measured travel-time savings
21,05W6TK,10,1051,1051,1051,7,31,23,J-07-22:367;J-07-12:304;N-21-11:59;H-04-23:51;J-01-11:36;J-02-23:29;RC-01:23;J-01-21:19;J-01-23:19;J-07-13:18;I-01-22:17;J-01-12:13;J-02-21:11;J-02-11:11;K-02-12:9;J-02-13:9;P-05-11:9;N-02-12:8;P-05-13:7;K-02-21:6;J-02-12:5;J-01-13:5;J-02-22:5;K-01-23:3;M-19-11:2;J-09-23:1;J-05-21:1;O-10-22:1;J-01-22:1;I-01-23:1;J-07-23:1,Review access and replenishment; no measured travel-time savings
22,WRRW1W,11,1048,1048,1048,10,6,3,I-09-21:488;I-09-11:445;M-08-11:101;M-08-21:10;RC-01:3;H-06-21:1,Review access and replenishment; no measured travel-time savings
23,WRRW1W,95,1027,1027,0,10,0,0,,Review access and replenishment; no measured travel-time savings
24,I1KDJ0,105,1013,1013,0,10,0,0,,Review access and replenishment; no measured travel-time savings
25,8N10W9,13,995,995,995,10,5,2,H-10-12:883;M-04-23:103;N-01-11:6;RC-01:2;H-02-23:1,Review access and replenishment; no measured travel-time savings
26,I1KDJ0,95,974,974,0,10,0,0,,Review access and replenishment; no measured travel-time savings
27,WRRW1W,105,874,874,0,10,0,0,,Review access and replenishment; no measured travel-time savings
28,SMMRK3,9,872,871,872,8,8,28,I-21-12:422;I-21-22:270;L-16-23:84;L-16-13:61;RC-01:27;L-17-13:6;ZN-COR:1;L-16-12:1,Review access and replenishment; no measured travel-time savings
29,8N10W9,8,868,868,868,10,6,1,H-06-21:403;H-06-11:397;M-03-11:54;M-03-21:7;H-06-22:6;ZN-COR:1,Review access and replenishment; no measured travel-time savings
30,05W6TK,85,858,858,0,7,0,0,,Review access and replenishment; no measured travel-time savings
