role_id,database_version,release_month,O*NET-SOC Code,Title,Task ID,Task,Task Type,Incumbents Responding,Date,Domain Source
shipping_receiving_coordinator,31.0,2026-08,43-5071.00,"Shipping, Receiving, and Inventory Clerks",20276,"Examine shipment contents and compare with records, such as manifests, invoices, or orders, to verify accuracy.",Core,77,08/2019,Incumbent
shipping_receiving_coordinator,31.0,2026-08,43-5071.00,"Shipping, Receiving, and Inventory Clerks",4742,Requisition and store shipping materials and supplies to maintain inventory of stock.,Core,78,08/2019,Incumbent
shipping_receiving_coordinator,31.0,2026-08,43-5071.00,"Shipping, Receiving, and Inventory Clerks",4737,"Prepare documents, such as work orders, bills of lading, or shipping orders, to route materials.",Core,77,08/2019,Incumbent
shipping_receiving_coordinator,31.0,2026-08,43-5071.00,"Shipping, Receiving, and Inventory Clerks",20277,"Pack, seal, label, or affix postage to prepare materials for shipping, using hand tools, power tools, or postage meter.",Core,76,08/2019,Incumbent
shipping_receiving_coordinator,31.0,2026-08,43-5071.00,"Shipping, Receiving, and Inventory Clerks",4739,"Record shipment data, such as weight, charges, space availability, damages, or discrepancies, for reporting, accounting, or recordkeeping purposes.",Core,77,08/2019,Incumbent
shipping_receiving_coordinator,31.0,2026-08,43-5071.00,"Shipping, Receiving, and Inventory Clerks",4741,"Confer or correspond with establishment representatives to rectify problems, such as damages, shortages, or nonconformance to specifications.",Core,77,08/2019,Incumbent
shipping_receiving_coordinator,31.0,2026-08,43-5071.00,"Shipping, Receiving, and Inventory Clerks",20278,"Deliver or route materials to departments using handtruck, conveyor, or sorting bins.",Core,78,08/2019,Incumbent
shipping_receiving_coordinator,31.0,2026-08,43-5071.00,"Shipping, Receiving, and Inventory Clerks",4740,Contact carrier representatives to make arrangements or to issue instructions for shipping and delivery of materials.,Core,78,08/2019,Incumbent
shipping_receiving_coordinator,31.0,2026-08,43-5071.00,"Shipping, Receiving, and Inventory Clerks",20279,"Determine shipping methods, routes, or rates for materials to be shipped.",Core,78,08/2019,Incumbent
shipping_receiving_coordinator,31.0,2026-08,43-5071.00,"Shipping, Receiving, and Inventory Clerks",4744,"Compute amounts, such as space available, shipping, storage, or demurrage charges, using computer or price list.",Core,77,08/2019,Incumbent
shipping_receiving_coordinator,31.0,2026-08,43-5071.00,"Shipping, Receiving, and Inventory Clerks",19834,Compare shipping routes or methods to determine which have the least environmental impact.,Supplemental,77,08/2019,Incumbent
warehouse_supervisor,31.0,2026-08,53-1042.00,"First-Line Supervisors of Helpers, Laborers, and Material Movers, Hand",20830,Maintain a safe working environment by monitoring safety procedures and equipment.,Core,59,08/2024,Incumbent
warehouse_supervisor,31.0,2026-08,53-1042.00,"First-Line Supervisors of Helpers, Laborers, and Material Movers, Hand",8562,Collaborate with workers and managers to solve work-related problems.,Core,59,08/2024,Incumbent
warehouse_supervisor,31.0,2026-08,53-1042.00,"First-Line Supervisors of Helpers, Laborers, and Material Movers, Hand",8563,Review work throughout the work process and at completion to ensure that it has been performed properly.,Core,57,08/2024,Incumbent
warehouse_supervisor,31.0,2026-08,53-1042.00,"First-Line Supervisors of Helpers, Laborers, and Material Movers, Hand",8566,Inform designated employees or departments of items loaded or problems encountered.,Core,59,08/2024,Incumbent
warehouse_supervisor,31.0,2026-08,53-1042.00,"First-Line Supervisors of Helpers, Laborers, and Material Movers, Hand",8573,Inspect equipment for wear and for conformance to specifications.,Core,59,08/2024,Incumbent
warehouse_supervisor,31.0,2026-08,53-1042.00,"First-Line Supervisors of Helpers, Laborers, and Material Movers, Hand",8570,"Prepare and maintain work records and reports of information such as employee time and wages, daily receipts, or inspection results.",Core,59,08/2024,Incumbent
warehouse_supervisor,31.0,2026-08,53-1042.00,"First-Line Supervisors of Helpers, Laborers, and Material Movers, Hand",8564,Transmit and explain work orders to laborers.,Core,59,08/2024,Incumbent
warehouse_supervisor,31.0,2026-08,53-1042.00,"First-Line Supervisors of Helpers, Laborers, and Material Movers, Hand",8561,Plan work schedules and assign duties to maintain adequate staff for effective performance of activities and response to fluctuating workloads.,Core,59,08/2024,Incumbent
warehouse_supervisor,31.0,2026-08,53-1042.00,"First-Line Supervisors of Helpers, Laborers, and Material Movers, Hand",8582,"Participate in the hiring process by reviewing credentials, conducting interviews, or making hiring decisions or recommendations.",Core,58,08/2024,Incumbent
warehouse_supervisor,31.0,2026-08,53-1042.00,"First-Line Supervisors of Helpers, Laborers, and Material Movers, Hand",8579,"Estimate material, time, and staffing requirements for a given project, based on work orders, job specifications, and experience.",Core,59,08/2024,Incumbent
warehouse_supervisor,31.0,2026-08,53-1042.00,"First-Line Supervisors of Helpers, Laborers, and Material Movers, Hand",8572,"Counsel employees in work-related activities, personal growth, or career development.",Core,58,08/2024,Incumbent
warehouse_supervisor,31.0,2026-08,53-1042.00,"First-Line Supervisors of Helpers, Laborers, and Material Movers, Hand",8576,Assess training needs of staff and arrange for or provide appropriate instruction.,Core,58,08/2024,Incumbent
warehouse_supervisor,31.0,2026-08,53-1042.00,"First-Line Supervisors of Helpers, Laborers, and Material Movers, Hand",8571,"Conduct staff meetings to relay general information or to address specific topics, such as safety.",Core,58,08/2024,Incumbent
warehouse_supervisor,31.0,2026-08,53-1042.00,"First-Line Supervisors of Helpers, Laborers, and Material Movers, Hand",8565,Check specifications of materials loaded or unloaded against information contained in work orders.,Core,57,08/2024,Incumbent
warehouse_supervisor,31.0,2026-08,53-1042.00,"First-Line Supervisors of Helpers, Laborers, and Material Movers, Hand",8569,"Perform the same work duties as those supervised, or perform more difficult or skilled tasks or assist in their performance.",Core,58,08/2024,Incumbent
warehouse_supervisor,31.0,2026-08,53-1042.00,"First-Line Supervisors of Helpers, Laborers, and Material Movers, Hand",8574,"Resolve personnel problems, complaints, or formal grievances when possible, or refer them to higher-level supervisors for resolution.",Core,58,08/2024,Incumbent
warehouse_supervisor,31.0,2026-08,53-1042.00,"First-Line Supervisors of Helpers, Laborers, and Material Movers, Hand",8575,"Recommend or initiate personnel actions, such as promotions, transfers, or disciplinary measures.",Core,59,08/2024,Incumbent
warehouse_supervisor,31.0,2026-08,53-1042.00,"First-Line Supervisors of Helpers, Laborers, and Material Movers, Hand",8568,Evaluate employee performance and prepare performance appraisals.,Core,59,08/2024,Incumbent
warehouse_supervisor,31.0,2026-08,53-1042.00,"First-Line Supervisors of Helpers, Laborers, and Material Movers, Hand",8567,Examine freight to determine loading sequences.,Supplemental,58,08/2024,Incumbent
warehouse_supervisor,31.0,2026-08,53-1042.00,"First-Line Supervisors of Helpers, Laborers, and Material Movers, Hand",8577,Schedule times of shipment and modes of transportation for materials.,Supplemental,59,08/2024,Incumbent
warehouse_supervisor,31.0,2026-08,53-1042.00,"First-Line Supervisors of Helpers, Laborers, and Material Movers, Hand",8583,"Inventory supplies and requisition or purchase additional items, as necessary.",Supplemental,58,08/2024,Incumbent
warehouse_supervisor,31.0,2026-08,53-1042.00,"First-Line Supervisors of Helpers, Laborers, and Material Movers, Hand",8578,Quote prices to customers.,Supplemental,57,08/2024,Incumbent
warehouse_supervisor,31.0,2026-08,53-1042.00,"First-Line Supervisors of Helpers, Laborers, and Material Movers, Hand",8580,"Provide assistance in balancing books, tracking, monitoring, or projecting a unit's budget needs, and in developing unit policies and procedures.",Supplemental,58,08/2024,Incumbent
warehouse_supervisor,31.0,2026-08,53-1042.00,"First-Line Supervisors of Helpers, Laborers, and Material Movers, Hand",8581,Inspect job sites to determine the extent of maintenance or repairs needed.,Supplemental,58,08/2024,Incumbent
packing_associate,31.0,2026-08,53-7064.00,"Packers and Packagers, Hand",21216,"Examine and inspect containers, materials, or products to ensure that product quality and packing specifications are met.",Core,72,08/2020,Incumbent
packing_associate,31.0,2026-08,53-7064.00,"Packers and Packagers, Hand",3212,"Measure, weigh, and count products and materials.",Core,74,08/2020,Incumbent
packing_associate,31.0,2026-08,53-7064.00,"Packers and Packagers, Hand",3214,"Record product, packaging, and order information on specified forms and records.",Core,73,08/2020,Incumbent
packing_associate,31.0,2026-08,53-7064.00,"Packers and Packagers, Hand",3216,"Seal containers or materials, using glues, fasteners, nails, and hand tools.",Core,72,08/2020,Incumbent
packing_associate,31.0,2026-08,53-7064.00,"Packers and Packagers, Hand",3218,"Assemble, line, and pad cartons, crates, and containers, using hand tools.",Core,71,08/2020,Incumbent
packing_associate,31.0,2026-08,53-7064.00,"Packers and Packagers, Hand",3222,"Obtain, move, and sort products, materials, containers, and orders, using hand tools.",Core,73,08/2020,Incumbent
packing_associate,31.0,2026-08,53-7064.00,"Packers and Packagers, Hand",3211,"Mark and label containers, container tags, or products, using marking tools.",Core,75,08/2020,Incumbent
packing_associate,31.0,2026-08,53-7064.00,"Packers and Packagers, Hand",3219,"Clean containers, materials, supplies, or work areas, using cleaning solutions and hand tools.",Core,75,08/2020,Incumbent
packing_associate,31.0,2026-08,53-7064.00,"Packers and Packagers, Hand",3215,"Remove completed or defective products or materials, placing them on moving equipment, such as conveyors, or in specified areas, such as loading docks.",Supplemental,74,08/2020,Incumbent
packing_associate,31.0,2026-08,53-7064.00,"Packers and Packagers, Hand",3221,"Place or pour products or materials into containers, using hand tools and equipment, or fill containers from spouts or chutes.",Supplemental,74,08/2020,Incumbent
packing_associate,31.0,2026-08,53-7064.00,"Packers and Packagers, Hand",3217,Load materials and products into package processing equipment.,Supplemental,73,08/2020,Incumbent
packing_associate,31.0,2026-08,53-7064.00,"Packers and Packagers, Hand",3220,Transport packages to customers' vehicles.,Supplemental,72,08/2020,Incumbent
fulfillment_associate,31.0,2026-08,53-7065.00,Stockers and Order Fillers,23885,Take inventory or examine merchandise to identify items to be reordered or replenished.,Core,92,08/2026,Incumbent
fulfillment_associate,31.0,2026-08,53-7065.00,Stockers and Order Fillers,23877,Answer customers' questions about merchandise and advise customers on merchandise selection.,Core,90,08/2026,Incumbent
fulfillment_associate,31.0,2026-08,53-7065.00,Stockers and Order Fillers,23878,"Receive and count stock items, and record data manually or on computer.",Core,90,08/2026,Incumbent
fulfillment_associate,31.0,2026-08,53-7065.00,Stockers and Order Fillers,23900,"Receive, unload, open, unpack, or issue sales floor merchandise.",Core,92,08/2026,Incumbent
fulfillment_associate,31.0,2026-08,53-7065.00,Stockers and Order Fillers,23880,"Stock shelves, racks, cases, bins, and tables with new or transferred merchandise.",Core,90,08/2026,Incumbent
fulfillment_associate,31.0,2026-08,53-7065.00,Stockers and Order Fillers,23874,"Pack and unpack items to be stocked on shelves in stockrooms, warehouses, or storage yards.",Core,90,08/2026,Incumbent
fulfillment_associate,31.0,2026-08,53-7065.00,Stockers and Order Fillers,23884,"Mark stock items, using identification tags, stamps, electric marking tools, or other labeling equipment.",Core,90,08/2026,Incumbent
fulfillment_associate,31.0,2026-08,53-7065.00,Stockers and Order Fillers,23875,"Store items in an orderly and accessible manner in warehouses, tool rooms, supply rooms, or other areas.",Core,92,08/2026,Incumbent
fulfillment_associate,31.0,2026-08,53-7065.00,Stockers and Order Fillers,23897,"Requisition merchandise from supplier, based on available space, merchandise on hand, customer demand, or advertised specials.",Core,89,08/2026,Incumbent
fulfillment_associate,31.0,2026-08,53-7065.00,Stockers and Order Fillers,23881,Compare merchandise invoices to items actually received to ensure that shipments are correct.,Core,91,08/2026,Incumbent
fulfillment_associate,31.0,2026-08,53-7065.00,Stockers and Order Fillers,23872,Obtain merchandise from bins or shelves.,Core,92,08/2026,Incumbent
fulfillment_associate,31.0,2026-08,53-7065.00,Stockers and Order Fillers,23886,"Issue or distribute materials, products, parts, and supplies to customers or coworkers, based on information from incoming requisitions.",Core,92,08/2026,Incumbent
fulfillment_associate,31.0,2026-08,53-7065.00,Stockers and Order Fillers,23873,"Read orders to ascertain catalog numbers, sizes, colors, and quantities of merchandise.",Core,89,08/2026,Incumbent
fulfillment_associate,31.0,2026-08,53-7065.00,Stockers and Order Fillers,23893,"Recommend disposal of excess, defective, or obsolete stock.",Core,92,08/2026,Incumbent
fulfillment_associate,31.0,2026-08,53-7065.00,Stockers and Order Fillers,23892,"Clean and maintain supplies, tools, equipment, and storage areas to ensure compliance with safety regulations.",Core,91,08/2026,Incumbent
fulfillment_associate,31.0,2026-08,53-7065.00,Stockers and Order Fillers,23891,"Dispose of damaged or defective items, or return them to vendors.",Core,90,08/2026,Incumbent
fulfillment_associate,31.0,2026-08,53-7065.00,Stockers and Order Fillers,23894,Keep records on the use or damage of stock or stock-handling equipment.,Core,89,08/2026,Incumbent
fulfillment_associate,31.0,2026-08,53-7065.00,Stockers and Order Fillers,23887,"Provide assistance or direction to other stockroom, warehouse, or storage yard workers.",Core,92,08/2026,Incumbent
fulfillment_associate,31.0,2026-08,53-7065.00,Stockers and Order Fillers,23898,"Determine proper storage methods, identification, and stock location, based on turnover, environmental factors, and physical capabilities of facilities.",Core,91,08/2026,Incumbent
fulfillment_associate,31.0,2026-08,53-7065.00,Stockers and Order Fillers,23876,"Examine and inspect stock items for wear or defects, reporting any damage to supervisors.",Core,92,08/2026,Incumbent
fulfillment_associate,31.0,2026-08,53-7065.00,Stockers and Order Fillers,23888,"Clean display cases, shelves, and aisles.",Core,92,08/2026,Incumbent
fulfillment_associate,31.0,2026-08,53-7065.00,Stockers and Order Fillers,23896,Compute prices of items or groups of items.,Supplemental,90,08/2026,Incumbent
fulfillment_associate,31.0,2026-08,53-7065.00,Stockers and Order Fillers,23899,Operate equipment such as forklifts.,Supplemental,92,08/2026,Incumbent
fulfillment_associate,31.0,2026-08,53-7065.00,Stockers and Order Fillers,23882,"Itemize and total customer merchandise selection at checkout counter, using cash register, and accept cash or charge card for purchases.",Supplemental,90,08/2026,Incumbent
fulfillment_associate,31.0,2026-08,53-7065.00,Stockers and Order Fillers,23883,Transport packages to customers' vehicles.,Supplemental,90,08/2026,Incumbent
fulfillment_associate,31.0,2026-08,53-7065.00,Stockers and Order Fillers,23879,"Stamp, attach, or change price tags on merchandise, referring to price list.",Supplemental,90,08/2026,Incumbent
fulfillment_associate,31.0,2026-08,53-7065.00,Stockers and Order Fillers,23890,Pack customer purchases in bags or cartons.,Supplemental,89,08/2026,Incumbent
fulfillment_associate,31.0,2026-08,53-7065.00,Stockers and Order Fillers,23889,"Design and set up advertising signs and displays of merchandise on shelves, counters, or tables to attract customers and promote sales.",Supplemental,90,08/2026,Incumbent
fulfillment_associate,31.0,2026-08,53-7065.00,Stockers and Order Fillers,23871,Complete order receipts.,Supplemental,92,08/2026,Incumbent
fulfillment_associate,31.0,2026-08,53-7065.00,Stockers and Order Fillers,23895,Keep records of out-going orders.,Supplemental,91,08/2026,Incumbent
